{"stats":{"minecraft:killed":{"minecraft:skeleton":1},"minecraft:crafted":{"minecraft:oak_planks":16,"minecraft:crafting_table":1,"minecraft:stick":4,"minecraft:wooden_pickaxe":1},"minecraft:custom":{"minecraft:time_since_rest":7449,"minecraft:damage_absorbed":124,"minecraft:sprint_one_cm":18292,"minecraft:damage_taken":938,"minecraft:walk_one_cm":37450,"minecraft:mob_kills":1,"minecraft:drop":23,"minecraft:damage_dealt":167,"minecraft:interact_with_crafting_table":1,"minecraft:fly_one_cm":25756,"minecraft:open_barrel":1,"minecraft:crouch_one_cm":3467,"minecraft:play_time":23017,"minecraft:deaths":1,"minecraft:sneak_time":1339,"minecraft:jump":231,"minecraft:time_since_death":7419,"minecraft:walk_on_water_one_cm":1297,"minecraft:damage_resisted":63,"minecraft:climb_one_cm":304,"minecraft:total_world_time":23017,"minecraft:fall_one_cm":6767},"minecraft:mined":{"croptopia:bellpepper_crop":1,"croptopia:pepper_crop":2,"croptopia:lettuce_crop":1,"croptopia:chile_pepper_crop":1,"gravestone:gravestone":1,"gamma_beasts:thin_oak_log":2,"minecraft:grass":7,"minecraft:grass_block":3,"minecraft:oak_log":7,"minecraft:dirt":6,"minecraft:mushroom_stem":2,"minecraft:stone":13,"minecraft:birch_slab":1,"minecraft:oak_leaves":2},"minecraft:dropped":{"croptopia:corn":1,"croptopia:lettuce_seed":1,"minecraft:wheat_seeds":1,"croptopia:lettuce":1,"croptopia:sweetpotato_seed":2,"croptopia:pepper":2,"gravestone:obituary":2,"croptopia:sweetpotato":1,"croptopia:corn_seed":2,"minecraft:arrow":2,"croptopia:pepper_seed":5,"croptopia:mustard_seed":10,"croptopia:chile_pepper_seed":5,"croptopia:mustard":5,"gamma_beasts:thin_oak_log":2},"minecraft:used":{"minecraft:birch_slab":1,"minecraft:wooden_pickaxe":23,"minecraft:crafting_table":1,"croptopia:chile_pepper":2,"minecraft:enchanted_golden_apple":1,"croptopia:orange":3},"minecraft:picked_up":{"croptopia:lettuce_seed":1,"gamma_beasts:thin_oak_log":2,"croptopia:chile_pepper_seed":5,"croptopia:corn_seed":2,"croptopia:kale":1,"minecraft:birch_slab":1,"croptopia:sweetpotato_seed":2,"croptopia:mustard":5,"minecraft:oak_log":7,"gravestone:obituary":1,"minecraft:dirt":9,"croptopia:lettuce":1,"croptopia:chile_pepper":2,"minecraft:arrow":2,"croptopia:corn":1,"croptopia:sweetpotato":1,"minecraft:wheat_seeds":2,"gamma_beasts:book":1,"croptopia:orange":3,"croptopia:pepper_seed":5,"croptopia:pepper":2,"croptopia:mustard_seed":10,"minecraft:enchanted_golden_apple":2,"minecraft:cobblestone":13}},"DataVersion":3465}