{"stats":{"minecraft:broken":{"minecraft:golden_leggings":1,"minecraft:stone_pickaxe":1,"minecraft:golden_sword":1,"minecraft:stone_axe":2,"minecraft:iron_sword":1,"minecraft:stone_sword":1},"minecraft:mined":{"minecraft:acacia_log":17,"minecraft:grass_block":5,"sophisticatedbackpacks:iron_backpack":1,"minecraft:coal_block":16,"minecraft:cobbled_deepslate":3,"minecraft:iron_ore":77,"minecraft:oak_stairs":1,"minecraft:orange_bed":1,"minecraft:smoker":1,"born_in_chaos_v1:infected_deepslate_diamond_ore":1,"minecraft:torch":1,"minecraft:blast_furnace":7,"minecraft:polished_andesite_stairs":1,"minecraft:melon":2,"croptopia:broccoli_crop":1,"minecraft:cobblestone":17,"minecraft:oak_planks":16,"minecraft:wall_torch":2,"minecraft:chain":1,"minecraft:light_gray_stained_glass":2,"minecraft:birch_log":4,"minecraft:wheat":34,"minecraft:grass":84,"minecraft:oak_log":27,"minecraft:beetroots":1,"minecraft:smooth_quartz":1,"minecraft:dirt":10,"minecraft:netherrack":1,"minecraft:oak_leaves":92,"minecraft:deepslate":13,"minecraft:tuff":5,"croptopia:orange_crop":1,"minecraft:deepslate_diamond_ore":1,"gravestone:gravestone":9,"minecraft:spruce_fence":1,"born_in_chaos_v1:gnawed_bones":1,"minecraft:hay_block":45,"croptopia:barley_crop":1,"minecraft:black_stained_glass_pane":2,"minecraft:furnace":5,"minecraft:carrots":27,"minecraft:acacia_wood":1,"croptopia:soybean_crop":1,"minecraft:andesite":2,"minecraft:stripped_spruce_log":1,"minecraft:potatoes":9,"minecraft:stone":135,"minecraft:oak_fence":2,"minecraft:tall_grass":7,"minecraft:sculk":4,"minecraft:gray_wool":3,"minecraft:spruce_log":4,"minecraft:birch_leaves":8,"minecraft:yellow_bed":1,"minecraft:coal_ore":6,"minecraft:acacia_planks":6,"minecraft:polished_andesite":5},"minecraft:killed":{"born_in_chaos_v1:zombie_clown":1,"born_in_chaos_v1:restless_spirit":5,"born_in_chaos_v1:zombie_lumberjack":5,"born_in_chaos_v1:skeleton_demoman":1,"minecraft:spider":3,"born_in_chaos_v1:scarlet_persecutor":2,"minecraft:skeleton":1,"minecraft:pig":1,"minecraft:creeper":1,"minecraft:sheep":2,"born_in_chaos_v1:zombie_fisherman":1,"minecraft:zombie":16,"born_in_chaos_v1:dread_hound":2,"born_in_chaos_v1:corpse_fly":2,"born_in_chaos_v1:door_knight":1,"minecraft:cow":1,"born_in_chaos_v1:zombie_bruiser":1,"born_in_chaos_v1:maggot":7,"minecraft:phantom":1,"gamma_beasts:sppinto_a":1,"born_in_chaos_v1:barrel_zombie":1,"born_in_chaos_v1:bone_imp_minion":1,"born_in_chaos_v1:spirit_guide_assistant":2,"born_in_chaos_v1:decrepit_skeleton":6,"minecraft:enderman":1},"minecraft:crafted":{"minecraft:oak_planks":108,"croptopia:toast":16,"minecraft:iron_boots":1,"minecraft:chest":1,"gamma_beasts:cooked_meat":2,"minecraft:smoker":1,"vct:acacia_crafting_table":1,"minecraft:crafting_table":4,"minecraft:spruce_planks":4,"minecraft:wooden_pickaxe":1,"minecraft:iron_helmet":1,"minecraft:birch_planks":12,"minecraft:wooden_hoe":1,"minecraft:iron_chestplate":2,"minecraft:diamond_pickaxe":1,"minecraft:shield":1,"minecraft:stick":32,"minecraft:iron_ingot":46,"minecraft:iron_pickaxe":2,"minecraft:stone_sword":1,"minecraft:iron_axe":1,"minecraft:stone_pickaxe":3,"minecraft:wheat":279,"minecraft:cooked_beef":3,"minecraft:bucket":1,"minecraft:stone_axe":3,"minecraft:bread":103,"minecraft:air":0,"minecraft:iron_leggings":1,"minecraft:acacia_planks":48},"minecraft:used":{"born_in_chaos_v1:intoxicating_decoction":3,"minecraft:iron_sword":41,"croptopia:broccoli":1,"minecraft:carrot":126,"minecraft:obsidian":9,"born_in_chaos_v1:smoked_flesh":14,"minecraft:lava_bucket":16,"born_in_chaos_v1:gnawed_bones":1,"minecraft:golden_sword":38,"minecraft:hay_block":1,"minecraft:furnace":1,"minecraft:egg":2,"minecraft:stone_pickaxe":229,"minecraft:oak_planks":69,"minecraft:wooden_pickaxe":13,"croptopia:cucumber":1,"gamma_beasts:cooked_meat":2,"minecraft:blast_furnace":1,"croptopia:orange":8,"minecraft:melon_slice":11,"minecraft:bread":105,"croptopia:toast":11,"minecraft:birch_log":4,"minecraft:oak_fence":2,"sophisticatedbackpacks:iron_backpack":1,"minecraft:stone_sword":94,"minecraft:spruce_planks":5,"minecraft:torch":1,"minecraft:dirt":93,"croptopia:blueberry":3,"croptopia:melon_juice":6,"minecraft:iron_axe":148,"minecraft:oak_stairs":1,"minecraft:cooked_beef":3,"minecraft:cobbled_deepslate":11,"minecraft:acacia_planks":5,"minecraft:enchanted_golden_apple":1,"minecraft:acacia_boat":1,"minecraft:water_bucket":1,"vct:acacia_crafting_table":2,"minecraft:crafting_table":4,"croptopia:cherry":5,"minecraft:spruce_log":3,"minecraft:smoker":1,"minecraft:oak_log":1,"minecraft:wooden_hoe":14,"minecraft:diamond_pickaxe":4,"minecraft:apple":5,"minecraft:iron_pickaxe":70,"minecraft:stone_axe":180,"minecraft:cobblestone":85,"minecraft:bucket":17,"born_in_chaos_v1:wood_splitter_axe":14},"minecraft:dropped":{"minecraft:acacia_boat":1,"minecraft:acacia_wood":1,"minecraft:porkchop":1,"minecraft:oak_log":4,"minecraft:glass_bottle":6,"minecraft:leather":4,"croptopia:spinach":3,"minecraft:saddle":1,"minecraft:item_frame":2,"born_in_chaos_v1:monster_flesh":1,"minecraft:dirt":1,"born_in_chaos_v1:monster_skin":1,"minecraft:mutton":2,"minecraft:seagrass":3,"minecraft:mangrove_stairs":1,"minecraft:chain":1,"gravestone:obituary":13,"minecraft:phantom_membrane":2,"croptopia:mustard_seed":1,"minecraft:white_wool":2,"croptopia:soybean":1,"minecraft:bone":16,"minecraft:oak_door":1,"minecraft:stone_axe":1,"croptopia:toast":7,"minecraft:iron_nugget":10,"minecraft:wheat":10,"minecraft:birch_sapling":1,"born_in_chaos_v1:ethereal_spirit":10,"minecraft:beetroot":2,"minecraft:rotten_flesh":73,"minecraft:oak_planks":1,"minecraft:mossy_stone_brick_slab":2,"minecraft:salmon":1,"croptopia:blueberry_seed":8,"minecraft:poppy":1,"croptopia:spinach_seed":2,"minecraft:gunpowder":4,"croptopia:broccoli_seed":1,"minecraft:beetroot_seeds":5,"minecraft:melon_seeds":6,"born_in_chaos_v1:corpse_maggot":5,"minecraft:ladder":1,"minecraft:arrow":15,"minecraft:beef":3,"minecraft:stone_brick_stairs":1,"croptopia:mustard":1,"minecraft:netherrack":2,"gamma_beasts:fur":17,"minecraft:iron_ingot":7,"minecraft:bread":39,"minecraft:wheat_seeds":222,"minecraft:cherry_log":2,"gamma_beasts:coal_nugget":3,"minecraft:cobblestone":2,"croptopia:soybean_seed":4,"minecraft:acacia_log":6,"minecraft:coal":8,"minecraft:polished_andesite":5,"minecraft:stick":9,"minecraft:turtle_egg":1,"minecraft:gray_wool":3,"minecraft:torch":10,"minecraft:wooden_hoe":1,"minecraft:repeater":1,"minecraft:smooth_quartz":1,"minecraft:polished_andesite_stairs":1,"minecraft:iron_axe":1,"minecraft:cactus":8,"minecraft:string":1,"minecraft:bowl":6,"croptopia:cucumber_seed":2,"minecraft:spruce_fence":1,"immersive_armors:divine_boots":1,"gamma_beasts:red_maple_wood":6,"minecraft:potato":21,"minecraft:iron_chestplate":2,"minecraft:andesite":2,"minecraft:yellow_bed":1,"minecraft:oak_sapling":2,"minecraft:spider_eye":2,"minecraft:stone_pickaxe":3,"minecraft:wooden_pickaxe":1},"minecraft:custom":{"minecraft:interact_with_crafting_table":28,"minecraft:open_barrel":1,"minecraft:eat_cake_slice":1,"minecraft:leave_game":2,"minecraft:time_since_death":40140,"minecraft:damage_resisted":90,"minecraft:sprint_one_cm":505100,"minecraft:drop":254,"minecraft:talked_to_villager":3,"minecraft:play_time":213160,"minecraft:deaths":11,"minecraft:jump":5770,"minecraft:walk_on_water_one_cm":46274,"minecraft:interact_with_furnace":3,"minecraft:sleep_in_bed":1,"minecraft:waystone_activated":2,"minecraft:damage_dealt":17341,"minecraft:player_kills":1,"minecraft:crouch_one_cm":51593,"minecraft:interact_with_smoker":10,"minecraft:mob_kills":70,"minecraft:damage_dealt_resisted":227,"minecraft:climb_one_cm":6695,"minecraft:walk_one_cm":420611,"minecraft:damage_dealt_absorbed":81,"minecraft:sneak_time":18848,"minecraft:walk_under_water_one_cm":23885,"minecraft:boat_one_cm":81407,"minecraft:interact_with_blast_furnace":10,"minecraft:total_world_time":213160,"minecraft:time_since_rest":40173,"minecraft:damage_absorbed":160,"minecraft:damage_taken":13514,"minecraft:swim_one_cm":94069,"minecraft:fly_one_cm":802455,"minecraft:open_chest":27,"minecraft:fall_one_cm":141173},"minecraft:picked_up":{"minecraft:seagrass":3,"minecraft:iron_chestplate":1,"minecraft:wheat":50,"gamma_beasts:fur":12,"croptopia:broccoli":1,"minecraft:oak_stairs":1,"minecraft:turtle_egg":1,"minecraft:stone_brick_stairs":1,"minecraft:string":6,"croptopia:cantaloupe":1,"minecraft:beetroot":2,"minecraft:cobbled_deepslate":14,"minecraft:spruce_planks":1,"minecraft:enchanted_golden_apple":1,"minecraft:smooth_quartz":1,"minecraft:iron_pickaxe":1,"croptopia:blueberry":3,"croptopia:mustard_seed":1,"minecraft:melon_slice":11,"minecraft:coal_block":31,"minecraft:furnace":5,"minecraft:stick":4,"croptopia:cucumber":1,"minecraft:oak_fence":3,"minecraft:torch":23,"minecraft:acacia_log":22,"minecraft:porkchop":1,"minecraft:cherry_log":2,"minecraft:cactus":72,"minecraft:mangrove_stairs":1,"minecraft:rotten_flesh":64,"gamma_beasts:coal_nugget":3,"minecraft:obsidian":9,"minecraft:cobblestone":160,"minecraft:birch_log":7,"minecraft:repeater":1,"croptopia:broccoli_seed":1,"minecraft:andesite":2,"minecraft:smoker":1,"minecraft:potato":21,"croptopia:spinach":3,"minecraft:tuff":5,"minecraft:acacia_boat":2,"croptopia:blueberry_seed":9,"minecraft:dirt":99,"born_in_chaos_v1:monster_skin":1,"minecraft:bone":18,"minecraft:acacia_planks":6,"minecraft:bow":1,"minecraft:wheat_seeds":233,"minecraft:oak_planks":17,"croptopia:mustard":1,"croptopia:melon_juice":12,"sophisticatedbackpacks:iron_backpack":2,"immersive_armors:divine_boots":1,"croptopia:spinach_seed":2,"croptopia:cherry":5,"minecraft:polished_andesite":5,"minecraft:diamond":3,"minecraft:bread":54,"minecraft:oak_sapling":2,"born_in_chaos_v1:rotten_fish":2,"minecraft:netherrack":2,"croptopia:toast":2,"minecraft:ladder":1,"minecraft:chain":1,"gravestone:obituary":3,"minecraft:iron_axe":2,"minecraft:flint_and_steel":1,"born_in_chaos_v1:intoxicating_decoction":3,"minecraft:item_frame":2,"croptopia:soybean":1,"minecraft:beef":6,"born_in_chaos_v1:gnawed_bones":1,"minecraft:iron_nugget":5,"minecraft:poppy":1,"minecraft:birch_sapling":1,"minecraft:phantom_membrane":2,"minecraft:egg":2,"minecraft:raw_iron":77,"minecraft:oak_door":1,"croptopia:soybean_seed":4,"vct:acacia_crafting_table":1,"minecraft:bowl":6,"minecraft:spruce_fence":1,"minecraft:carrot":99,"minecraft:arrow":14,"croptopia:cantaloupe_seed":1,"minecraft:beetroot_seeds":5,"born_in_chaos_v1:wood_splitter_axe":1,"minecraft:hay_block":47,"minecraft:saddle":2,"minecraft:mutton":2,"minecraft:white_wool":2,"born_in_chaos_v1:corpse_maggot":5,"born_in_chaos_v1:monster_flesh":1,"minecraft:salmon":1,"minecraft:leather":5,"minecraft:acacia_wood":1,"minecraft:oak_log":32,"minecraft:yellow_bed":1,"minecraft:gunpowder":3,"gamma_beasts:meat":2,"gamma_beasts:book":1,"minecraft:iron_ingot":25,"minecraft:stone_pickaxe":2,"minecraft:glass_bottle":2,"minecraft:iron_sword":2,"minecraft:polished_andesite_stairs":1,"born_in_chaos_v1:ethereal_spirit":10,"croptopia:cucumber_seed":2,"minecraft:blast_furnace":7,"minecraft:spruce_log":4,"minecraft:mossy_stone_brick_slab":2,"minecraft:spider_eye":2,"gamma_beasts:prehnite_pickaxe":1,"minecraft:stone_axe":1,"croptopia:orange":8,"minecraft:gray_wool":3,"minecraft:melon_seeds":2,"gamma_beasts:red_maple_wood":6,"minecraft:coal":7}},"DataVersion":3465}