{"stats":{"minecraft:killed":{"born_in_chaos_v1:zombie_clown":1,"minecraft:zombified_piglin":1,"born_in_chaos_v1:restless_spirit":5,"born_in_chaos_v1:zombie_lumberjack":9,"born_in_chaos_v1:skeleton_demoman":1,"minecraft:spider":5,"sculkhorde:sculk_zombie":1,"born_in_chaos_v1:baby_skeleton_minion":2,"born_in_chaos_v1:scarlet_persecutor":2,"sculkhorde:sculk_mite_aggressor":6,"minecraft:skeleton":3,"born_in_chaos_v1:bonescaller":1,"minecraft:pig":1,"minecraft:creeper":1,"minecraft:sheep":8,"born_in_chaos_v1:zombie_fisherman":1,"minecraft:zombie":20,"born_in_chaos_v1:dread_hound":3,"born_in_chaos_v1:corpse_fly":5,"born_in_chaos_v1:door_knight":1,"minecraft:cow":1,"sculkhorde:sculk_spore_spewer":1,"sculkhorde:sculk_mite":7,"born_in_chaos_v1:thornshell_crab":1,"born_in_chaos_v1:zombie_bruiser":1,"born_in_chaos_v1:maggot":12,"minecraft:phantom":1,"gamma_beasts:sppinto_a":1,"sculkhorde:sculk_spitter":2,"born_in_chaos_v1:barrel_zombie":1,"born_in_chaos_v1:bone_imp_minion":1,"born_in_chaos_v1:spirit_guide_assistant":2,"born_in_chaos_v1:decrepit_skeleton":8,"minecraft:enderman":1},"minecraft:crafted":{"minecraft:oak_planks":120,"minecraft:birch_boat":1,"croptopia:toast":16,"minecraft:cooked_mutton":1,"minecraft:iron_boots":1,"minecraft:chest":1,"gamma_beasts:cooked_meat":2,"minecraft:smoker":1,"born_in_chaos_v1:smoked_fish":2,"vct:acacia_crafting_table":2,"minecraft:crafting_table":6,"minecraft:spruce_planks":4,"minecraft:jungle_boat":1,"minecraft:wooden_pickaxe":1,"minecraft:iron_helmet":1,"minecraft:birch_planks":12,"minecraft:wooden_hoe":1,"minecraft:iron_chestplate":2,"minecraft:diamond_pickaxe":1,"minecraft:shield":1,"minecraft:stick":36,"minecraft:iron_ingot":46,"minecraft:iron_pickaxe":2,"minecraft:stone_sword":1,"minecraft:iron_axe":2,"minecraft:stone_pickaxe":3,"minecraft:wheat":414,"minecraft:cooked_beef":3,"minecraft:bucket":1,"minecraft:stone_axe":3,"minecraft:jungle_planks":12,"minecraft:bread":151,"minecraft:air":0,"minecraft:iron_leggings":1,"minecraft:acacia_planks":56},"minecraft:broken":{"minecraft:iron_boots":1,"minecraft:iron_leggings":1,"minecraft:golden_leggings":1,"minecraft:stone_pickaxe":1,"minecraft:golden_sword":1,"minecraft:stone_axe":2,"minecraft:iron_sword":1,"born_in_chaos_v1:wood_splitter_axe":1,"minecraft:stone_sword":1,"gamma_beasts:prehnite_armor_chestplate":1,"minecraft:iron_helmet":1},"minecraft:killed_by":{"minecraft:zombified_piglin":1,"minecraft:player":3,"sculkhorde:sculk_mite_aggressor":2},"minecraft:dropped":{"minecraft:acacia_boat":1,"minecraft:acacia_wood":1,"minecraft:porkchop":1,"minecraft:oak_log":4,"minecraft:glass_bottle":6,"minecraft:leather":4,"croptopia:spinach":3,"minecraft:saddle":1,"croptopia:chile_pepper_seed":2,"minecraft:flint":1,"minecraft:item_frame":2,"born_in_chaos_v1:monster_flesh":2,"minecraft:dirt":1,"born_in_chaos_v1:monster_skin":1,"minecraft:cornflower":3,"minecraft:mutton":2,"minecraft:seagrass":3,"minecraft:mangrove_stairs":1,"croptopia:pepper":1,"croptopia:sweetpotato_seed":2,"minecraft:chain":1,"gravestone:obituary":37,"minecraft:gold_nugget":29,"minecraft:amethyst_shard":4,"minecraft:phantom_membrane":2,"minecraft:glistering_melon_slice":5,"croptopia:mustard_seed":2,"minecraft:birch_log":2,"minecraft:white_wool":6,"croptopia:soybean":3,"minecraft:bone":51,"minecraft:oak_door":1,"minecraft:gravel":20,"croptopia:corn":1,"minecraft:stone_axe":1,"minecraft:blackstone":14,"minecraft:ancient_debris":1,"croptopia:toast":7,"minecraft:iron_nugget":10,"minecraft:wheat":10,"minecraft:birch_sapling":7,"born_in_chaos_v1:ethereal_spirit":12,"croptopia:oat_seed":2,"minecraft:beetroot":2,"minecraft:rotten_flesh":91,"minecraft:oak_planks":1,"minecraft:mossy_stone_brick_slab":2,"minecraft:azure_bluet":1,"minecraft:salmon":1,"croptopia:blueberry_seed":8,"minecraft:poppy":1,"croptopia:greenonion_seed":2,"croptopia:spinach_seed":2,"born_in_chaos_v1:seedof_chaos":2,"minecraft:gunpowder":4,"minecraft:jungle_log":2,"croptopia:broccoli_seed":1,"minecraft:beetroot_seeds":5,"minecraft:melon_seeds":6,"born_in_chaos_v1:corpse_maggot":10,"minecraft:ladder":1,"minecraft:arrow":15,"minecraft:beef":3,"minecraft:crying_obsidian":3,"minecraft:quartz":9,"minecraft:stone_brick_stairs":1,"croptopia:greenonion":1,"croptopia:mustard":2,"minecraft:netherrack":1865,"gamma_beasts:fur":17,"minecraft:iron_ingot":23,"minecraft:bread":40,"minecraft:wheat_seeds":245,"minecraft:cherry_log":4,"gamma_beasts:coal_nugget":3,"minecraft:cobblestone":2,"minecraft:apple":3,"croptopia:soybean_seed":8,"minecraft:acacia_log":7,"minecraft:coal_block":13,"minecraft:coal":8,"minecraft:golden_apple":1,"minecraft:polished_andesite":5,"minecraft:stick":24,"minecraft:turtle_egg":1,"croptopia:kale_seed":2,"minecraft:gray_wool":5,"born_in_chaos_v1:river_mint":3,"minecraft:torch":10,"minecraft:wooden_hoe":1,"minecraft:repeater":1,"minecraft:smooth_quartz":1,"minecraft:polished_andesite_stairs":1,"minecraft:iron_axe":1,"minecraft:cactus":8,"minecraft:string":6,"minecraft:acacia_planks":4,"minecraft:dandelion":2,"croptopia:oat":2,"minecraft:kelp":1,"minecraft:lime_concrete":4,"minecraft:bowl":6,"croptopia:cucumber_seed":4,"croptopia:corn_seed":2,"minecraft:nether_bricks":11,"minecraft:spruce_fence":1,"immersive_armors:divine_boots":1,"gamma_beasts:red_maple_wood":6,"minecraft:potato":21,"born_in_chaos_v1:spiny_shell":3,"minecraft:iron_chestplate":3,"minecraft:andesite":2,"minecraft:yellow_bed":1,"minecraft:oak_sapling":8,"minecraft:spider_eye":2,"minecraft:spruce_log":1,"minecraft:stone_pickaxe":3,"minecraft:wooden_pickaxe":1,"croptopia:pepper_seed":1,"croptopia:lime":2},"minecraft:mined":{"gamma_beasts:roble_hoja_1":4,"minecraft:acacia_log":19,"minecraft:grass_block":5,"sophisticatedbackpacks:iron_backpack":1,"minecraft:jungle_log":3,"minecraft:coal_block":16,"minecraft:fire":1,"minecraft:cobbled_deepslate":3,"minecraft:iron_ore":77,"minecraft:oak_stairs":1,"minecraft:orange_bed":1,"minecraft:smoker":2,"born_in_chaos_v1:infected_deepslate_diamond_ore":1,"minecraft:torch":1,"minecraft:blast_furnace":7,"minecraft:polished_andesite_stairs":1,"minecraft:melon":2,"croptopia:broccoli_crop":1,"minecraft:cobblestone":25,"minecraft:sugar_cane":2,"minecraft:oak_planks":16,"minecraft:wall_torch":2,"minecraft:chain":1,"minecraft:light_gray_stained_glass":2,"minecraft:birch_log":4,"minecraft:wheat":34,"minecraft:lime_concrete":5,"minecraft:tnt":6,"minecraft:grass":124,"minecraft:oak_log":30,"minecraft:beetroots":1,"minecraft:smooth_quartz":1,"minecraft:dirt":10,"minecraft:ancient_debris":12,"sculkhorde:infested_cobblestone":1,"minecraft:netherrack":137,"minecraft:oak_leaves":92,"minecraft:deepslate":13,"minecraft:crying_obsidian":5,"minecraft:tuff":5,"croptopia:orange_crop":1,"minecraft:deepslate_diamond_ore":1,"gamma_beasts:roblo_hoja":1,"minecraft:nether_bricks":19,"gravestone:gravestone":15,"minecraft:spruce_fence":1,"born_in_chaos_v1:gnawed_bones":1,"minecraft:hay_block":45,"croptopia:barley_crop":1,"minecraft:black_stained_glass_pane":2,"minecraft:furnace":5,"minecraft:carrots":27,"minecraft:acacia_wood":1,"croptopia:soybean_crop":2,"minecraft:andesite":2,"minecraft:stripped_spruce_log":1,"minecraft:potatoes":9,"minecraft:stone":137,"minecraft:redstone_wall_torch":1,"minecraft:dandelion":1,"minecraft:oak_fence":2,"minecraft:sculk_sensor":1,"minecraft:tall_grass":9,"minecraft:sculk":9,"minecraft:gray_wool":3,"minecraft:spruce_log":4,"minecraft:birch_leaves":8,"minecraft:yellow_bed":1,"minecraft:coal_ore":8,"minecraft:acacia_planks":6,"minecraft:polished_andesite":5,"minecraft:fern":1},"minecraft:picked_up":{"minecraft:seagrass":3,"minecraft:iron_chestplate":3,"minecraft:wheat":50,"gamma_beasts:fur":12,"croptopia:broccoli":1,"minecraft:oak_stairs":1,"minecraft:turtle_egg":1,"minecraft:stone_brick_stairs":1,"minecraft:string":6,"croptopia:cantaloupe":1,"minecraft:iron_leggings":1,"minecraft:beetroot":2,"minecraft:gold_nugget":58,"minecraft:cobbled_deepslate":16,"minecraft:spruce_planks":1,"minecraft:redstone_torch":2,"minecraft:enchanted_golden_apple":1,"minecraft:smooth_quartz":1,"minecraft:iron_pickaxe":1,"croptopia:blueberry":3,"croptopia:mustard_seed":2,"minecraft:melon_slice":11,"minecraft:coal_block":57,"minecraft:iron_boots":1,"minecraft:furnace":5,"minecraft:stick":21,"croptopia:cucumber":1,"minecraft:oak_fence":3,"minecraft:torch":24,"minecraft:acacia_log":25,"minecraft:porkchop":1,"minecraft:cherry_log":4,"minecraft:cactus":72,"minecraft:mangrove_stairs":1,"minecraft:rotten_flesh":82,"gamma_beasts:coal_nugget":3,"minecraft:obsidian":9,"minecraft:cobblestone":167,"minecraft:birch_log":9,"minecraft:magma_block":32,"minecraft:repeater":1,"croptopia:broccoli_seed":1,"minecraft:jungle_log":5,"minecraft:andesite":2,"gamma_beasts:prehnite":1,"minecraft:smoker":2,"minecraft:potato":21,"croptopia:spinach":3,"minecraft:flint":1,"minecraft:tuff":5,"minecraft:acacia_boat":2,"croptopia:blueberry_seed":9,"minecraft:dirt":100,"born_in_chaos_v1:monster_skin":1,"minecraft:bone":53,"croptopia:corn":1,"minecraft:acacia_planks":13,"minecraft:bow":1,"minecraft:wheat_seeds":256,"croptopia:lime":2,"croptopia:kale_seed":2,"minecraft:oak_planks":17,"croptopia:chile_pepper_seed":2,"croptopia:mustard":2,"croptopia:melon_juice":12,"croptopia:oat":2,"sophisticatedbackpacks:iron_backpack":3,"immersive_armors:divine_boots":1,"croptopia:spinach_seed":2,"croptopia:cherry":5,"minecraft:polished_andesite":5,"minecraft:diamond":3,"minecraft:golden_apple":53,"minecraft:bread":90,"minecraft:oak_sapling":8,"born_in_chaos_v1:rotten_fish":2,"minecraft:netherrack":2307,"croptopia:greenonion":1,"minecraft:diamond_pickaxe":1,"croptopia:toast":2,"gamma_beasts:prehnite_armor_chestplate":1,"minecraft:azure_bluet":1,"born_in_chaos_v1:river_mint":3,"minecraft:ladder":1,"born_in_chaos_v1:seedof_chaos":2,"croptopia:sweetpotato_seed":2,"minecraft:chain":1,"gravestone:obituary":16,"minecraft:cornflower":3,"minecraft:iron_axe":2,"minecraft:flint_and_steel":1,"born_in_chaos_v1:intoxicating_decoction":3,"minecraft:item_frame":2,"croptopia:soybean":3,"minecraft:blackstone":14,"minecraft:beef":6,"born_in_chaos_v1:gnawed_bones":1,"croptopia:pepper_seed":1,"minecraft:iron_nugget":5,"minecraft:poppy":1,"minecraft:birch_sapling":7,"minecraft:phantom_membrane":2,"minecraft:egg":2,"minecraft:raw_iron":77,"croptopia:corn_seed":2,"minecraft:oak_door":1,"croptopia:soybean_seed":8,"vct:acacia_crafting_table":1,"minecraft:bowl":6,"minecraft:spruce_fence":1,"minecraft:carrot":99,"minecraft:tnt":6,"minecraft:arrow":14,"croptopia:cantaloupe_seed":1,"minecraft:beetroot_seeds":5,"born_in_chaos_v1:wood_splitter_axe":1,"minecraft:nether_bricks":18,"minecraft:hay_block":47,"born_in_chaos_v1:spiny_shell":3,"minecraft:saddle":2,"minecraft:glistering_melon_slice":5,"croptopia:pepper":1,"minecraft:mutton":10,"minecraft:white_wool":6,"born_in_chaos_v1:corpse_maggot":10,"born_in_chaos_v1:monster_flesh":2,"minecraft:salmon":1,"minecraft:leather":5,"croptopia:greenonion_seed":2,"minecraft:acacia_wood":1,"minecraft:oak_log":35,"minecraft:ancient_debris":11,"minecraft:yellow_bed":1,"minecraft:gunpowder":3,"croptopia:taco":4,"immersive_aircraft:gyrodyne":4,"minecraft:cooked_mutton":8,"minecraft:apple":3,"minecraft:kelp":1,"gamma_beasts:meat":2,"gamma_beasts:book":2,"minecraft:iron_ingot":29,"minecraft:stone_pickaxe":2,"minecraft:glass_bottle":2,"minecraft:iron_sword":2,"minecraft:polished_andesite_stairs":1,"minecraft:lime_concrete":5,"minecraft:quartz":16,"born_in_chaos_v1:ethereal_spirit":12,"minecraft:dandelion":2,"croptopia:cucumber_seed":4,"minecraft:gravel":20,"minecraft:amethyst_shard":4,"minecraft:blast_furnace":7,"minecraft:spruce_log":5,"minecraft:gold_ore":640,"minecraft:crying_obsidian":7,"minecraft:mossy_stone_brick_slab":2,"minecraft:spider_eye":2,"moonsweaponry:diamond_halberd":1,"gamma_beasts:prehnite_pickaxe":1,"croptopia:oat_seed":2,"minecraft:stone_axe":1,"minecraft:iron_helmet":1,"croptopia:orange":8,"minecraft:diamond_axe":1,"minecraft:gray_wool":5,"minecraft:melon_seeds":2,"gamma_beasts:red_maple_wood":6,"minecraft:coal":8},"minecraft:used":{"born_in_chaos_v1:intoxicating_decoction":3,"minecraft:iron_sword":41,"croptopia:taco":4,"croptopia:broccoli":1,"minecraft:nether_bricks":7,"minecraft:jungle_planks":7,"minecraft:carrot":177,"minecraft:obsidian":9,"born_in_chaos_v1:smoked_flesh":14,"minecraft:lava_bucket":16,"born_in_chaos_v1:gnawed_bones":1,"minecraft:golden_sword":38,"minecraft:hay_block":1,"minecraft:furnace":1,"minecraft:egg":2,"minecraft:stone_pickaxe":229,"minecraft:oak_planks":73,"minecraft:wooden_pickaxe":13,"minecraft:diamond_axe":2,"minecraft:golden_apple":43,"croptopia:cucumber":1,"gamma_beasts:cooked_meat":2,"minecraft:blast_furnace":1,"croptopia:orange":8,"minecraft:redstone_torch":2,"minecraft:crying_obsidian":4,"minecraft:melon_slice":11,"minecraft:bread":152,"croptopia:toast":11,"immersive_aircraft:gyrodyne":4,"minecraft:birch_log":4,"minecraft:oak_fence":2,"sophisticatedbackpacks:iron_backpack":1,"minecraft:stone_sword":94,"minecraft:flint_and_steel":1,"minecraft:spruce_planks":5,"born_in_chaos_v1:smoked_fish":2,"minecraft:netherrack":235,"minecraft:torch":1,"minecraft:dirt":93,"croptopia:blueberry":3,"croptopia:melon_juice":6,"minecraft:iron_axe":155,"minecraft:oak_stairs":1,"minecraft:cooked_beef":3,"minecraft:cobbled_deepslate":11,"minecraft:acacia_planks":12,"minecraft:enchanted_golden_apple":1,"minecraft:cooked_mutton":9,"minecraft:acacia_boat":1,"minecraft:water_bucket":2,"minecraft:birch_planks":7,"minecraft:birch_boat":1,"vct:acacia_crafting_table":3,"minecraft:tnt":6,"minecraft:crafting_table":6,"croptopia:cherry":5,"minecraft:spruce_log":3,"minecraft:smoker":3,"minecraft:oak_log":1,"moonsweaponry:diamond_halberd":87,"minecraft:wooden_hoe":14,"minecraft:diamond_pickaxe":204,"minecraft:apple":5,"minecraft:iron_pickaxe":70,"minecraft:stone_axe":180,"minecraft:cobblestone":145,"minecraft:bucket":19,"born_in_chaos_v1:wood_splitter_axe":186},"minecraft:custom":{"minecraft:interact_with_crafting_table":39,"minecraft:open_barrel":1,"minecraft:open_shulker_box":3,"minecraft:eat_cake_slice":1,"minecraft:leave_game":3,"minecraft:time_since_death":1712,"minecraft:damage_resisted":90,"minecraft:sprint_one_cm":753624,"minecraft:drop":426,"minecraft:talked_to_villager":3,"minecraft:play_time":326120,"minecraft:deaths":22,"minecraft:jump":8465,"minecraft:walk_on_water_one_cm":61718,"minecraft:interact_with_furnace":3,"minecraft:sleep_in_bed":2,"minecraft:waystone_activated":2,"minecraft:damage_dealt":27214,"minecraft:player_kills":4,"minecraft:crouch_one_cm":80663,"minecraft:interact_with_smoker":19,"minecraft:mob_kills":126,"minecraft:damage_dealt_resisted":438,"minecraft:climb_one_cm":6859,"minecraft:walk_one_cm":655975,"minecraft:damage_dealt_absorbed":81,"minecraft:sneak_time":29451,"minecraft:walk_under_water_one_cm":41235,"minecraft:boat_one_cm":91847,"minecraft:interact_with_blast_furnace":10,"minecraft:total_world_time":326120,"minecraft:time_since_rest":1812,"minecraft:damage_absorbed":1331,"minecraft:damage_taken":26916,"minecraft:swim_one_cm":136542,"minecraft:fly_one_cm":1324484,"minecraft:open_chest":31,"minecraft:fall_one_cm":243926}},"DataVersion":3465}