{"stats":{"minecraft:crafted":{"minecraft:oak_planks":100,"minecraft:stone_pickaxe":3,"minecraft:wheat":243,"minecraft:crafting_table":3,"minecraft:spruce_planks":4,"minecraft:wooden_pickaxe":1,"minecraft:stone_axe":3,"minecraft:bread":85,"minecraft:iron_chestplate":1,"minecraft:wooden_hoe":1,"minecraft:stick":24,"minecraft:stone_sword":1,"minecraft:acacia_planks":40},"minecraft:killed":{"born_in_chaos_v1:zombie_clown":1,"born_in_chaos_v1:zombie_lumberjack":1,"born_in_chaos_v1:restless_spirit":2,"born_in_chaos_v1:maggot":3,"born_in_chaos_v1:barrel_zombie":1,"minecraft:pig":1,"born_in_chaos_v1:decrepit_skeleton":4,"born_in_chaos_v1:zombie_fisherman":1,"minecraft:zombie":7,"born_in_chaos_v1:dread_hound":1,"born_in_chaos_v1:corpse_fly":1,"minecraft:cow":1},"minecraft:picked_up":{"minecraft:seagrass":3,"minecraft:iron_chestplate":1,"minecraft:wheat":16,"minecraft:ladder":1,"croptopia:broccoli":1,"minecraft:oak_stairs":1,"minecraft:turtle_egg":1,"minecraft:stone_brick_stairs":1,"gravestone:obituary":2,"croptopia:cantaloupe":1,"born_in_chaos_v1:intoxicating_decoction":1,"croptopia:soybean":1,"minecraft:beetroot":2,"minecraft:spruce_planks":1,"minecraft:beef":6,"minecraft:smooth_quartz":1,"minecraft:enchanted_golden_apple":1,"croptopia:blueberry":3,"croptopia:mustard_seed":1,"minecraft:coal_block":16,"minecraft:birch_sapling":1,"minecraft:furnace":4,"minecraft:stick":3,"minecraft:raw_iron":48,"croptopia:cucumber":1,"minecraft:oak_door":1,"croptopia:soybean_seed":4,"minecraft:oak_fence":3,"minecraft:torch":10,"minecraft:acacia_log":13,"minecraft:porkchop":1,"minecraft:carrot":99,"minecraft:arrow":5,"croptopia:cantaloupe_seed":1,"minecraft:rotten_flesh":17,"minecraft:beetroot_seeds":5,"minecraft:hay_block":28,"gamma_beasts:coal_nugget":3,"minecraft:cobblestone":145,"minecraft:birch_log":4,"born_in_chaos_v1:corpse_maggot":4,"minecraft:repeater":1,"born_in_chaos_v1:monster_flesh":1,"croptopia:broccoli_seed":1,"minecraft:salmon":1,"minecraft:andesite":1,"minecraft:leather":4,"minecraft:acacia_wood":1,"minecraft:potato":21,"croptopia:spinach":3,"minecraft:oak_log":26,"minecraft:yellow_bed":1,"minecraft:acacia_boat":2,"croptopia:blueberry_seed":9,"minecraft:dirt":29,"born_in_chaos_v1:monster_skin":1,"minecraft:bone":6,"minecraft:acacia_planks":2,"minecraft:wheat_seeds":39,"minecraft:iron_ingot":11,"minecraft:stone_pickaxe":1,"minecraft:oak_planks":16,"minecraft:polished_andesite_stairs":1,"croptopia:mustard":1,"born_in_chaos_v1:ethereal_spirit":2,"croptopia:cucumber_seed":2,"minecraft:blast_furnace":6,"minecraft:spruce_log":4,"immersive_armors:divine_boots":1,"minecraft:mossy_stone_brick_slab":2,"croptopia:spinach_seed":2,"croptopia:cherry":5,"minecraft:polished_andesite":5,"croptopia:orange":8,"minecraft:gray_wool":3,"minecraft:bread":37,"minecraft:oak_sapling":2,"minecraft:netherrack":2,"minecraft:coal":6},"minecraft:broken":{"minecraft:stone_sword":1,"minecraft:stone_pickaxe":1,"minecraft:golden_sword":1,"minecraft:stone_axe":1},"minecraft:custom":{"minecraft:mob_kills":27,"minecraft:interact_with_crafting_table":13,"minecraft:open_barrel":1,"minecraft:damage_dealt_resisted":36,"minecraft:eat_cake_slice":1,"minecraft:leave_game":1,"minecraft:time_since_death":9597,"minecraft:climb_one_cm":6695,"minecraft:damage_resisted":90,"minecraft:sprint_one_cm":330024,"minecraft:walk_one_cm":220885,"minecraft:drop":140,"minecraft:talked_to_villager":1,"minecraft:play_time":130497,"minecraft:deaths":8,"minecraft:sneak_time":13094,"minecraft:walk_under_water_one_cm":15051,"minecraft:boat_one_cm":81407,"minecraft:jump":3999,"minecraft:walk_on_water_one_cm":26659,"minecraft:total_world_time":130497,"minecraft:time_since_rest":9632,"minecraft:waystone_activated":1,"minecraft:damage_taken":6408,"minecraft:damage_absorbed":160,"minecraft:damage_dealt":6667,"minecraft:swim_one_cm":78048,"minecraft:fly_one_cm":499122,"minecraft:open_chest":13,"minecraft:crouch_one_cm":33561,"minecraft:fall_one_cm":72240},"minecraft:mined":{"croptopia:orange_crop":1,"gravestone:gravestone":6,"minecraft:acacia_log":10,"minecraft:grass_block":3,"minecraft:coal_block":16,"minecraft:hay_block":26,"croptopia:barley_crop":1,"minecraft:black_stained_glass_pane":2,"minecraft:furnace":4,"minecraft:carrots":27,"minecraft:iron_ore":48,"minecraft:acacia_wood":1,"croptopia:soybean_crop":1,"minecraft:andesite":1,"minecraft:potatoes":9,"minecraft:oak_stairs":1,"minecraft:stone":120,"minecraft:orange_bed":1,"minecraft:oak_fence":2,"minecraft:torch":1,"minecraft:blast_furnace":6,"minecraft:polished_andesite_stairs":1,"minecraft:cobblestone":17,"croptopia:broccoli_crop":1,"minecraft:tall_grass":1,"minecraft:oak_planks":16,"minecraft:wall_torch":2,"minecraft:gray_wool":3,"minecraft:light_gray_stained_glass":2,"minecraft:birch_log":4,"minecraft:wheat":20,"minecraft:spruce_log":4,"minecraft:birch_leaves":8,"minecraft:yellow_bed":1,"minecraft:grass":28,"minecraft:oak_log":27,"minecraft:coal_ore":6,"minecraft:beetroots":1,"minecraft:smooth_quartz":1,"minecraft:dirt":4,"minecraft:acacia_planks":2,"minecraft:polished_andesite":5,"minecraft:netherrack":1,"minecraft:oak_leaves":75},"minecraft:dropped":{"minecraft:iron_ingot":1,"minecraft:bread":39,"minecraft:acacia_boat":1,"minecraft:acacia_wood":1,"minecraft:porkchop":1,"minecraft:wheat_seeds":39,"minecraft:glass_bottle":1,"gamma_beasts:coal_nugget":3,"minecraft:cobblestone":2,"minecraft:leather":4,"croptopia:spinach":3,"croptopia:soybean_seed":4,"minecraft:acacia_log":3,"minecraft:coal":6,"minecraft:polished_andesite":5,"minecraft:stick":8,"minecraft:turtle_egg":1,"born_in_chaos_v1:monster_flesh":1,"minecraft:gray_wool":3,"minecraft:wooden_hoe":1,"born_in_chaos_v1:monster_skin":1,"minecraft:repeater":1,"minecraft:smooth_quartz":1,"minecraft:seagrass":3,"gravestone:obituary":9,"minecraft:polished_andesite_stairs":1,"croptopia:mustard_seed":1,"croptopia:soybean":1,"minecraft:bone":6,"minecraft:oak_door":1,"minecraft:stone_axe":1,"minecraft:wheat":4,"croptopia:cucumber_seed":2,"minecraft:birch_sapling":1,"born_in_chaos_v1:ethereal_spirit":2,"minecraft:beetroot":2,"minecraft:rotten_flesh":17,"minecraft:mossy_stone_brick_slab":2,"minecraft:salmon":1,"croptopia:blueberry_seed":8,"minecraft:potato":21,"croptopia:spinach_seed":2,"minecraft:iron_chestplate":1,"born_in_chaos_v1:corpse_maggot":4,"minecraft:beetroot_seeds":5,"minecraft:andesite":1,"croptopia:broccoli_seed":1,"minecraft:yellow_bed":1,"minecraft:oak_sapling":2,"minecraft:ladder":1,"minecraft:arrow":3,"minecraft:wooden_pickaxe":1,"minecraft:beef":3,"minecraft:stone_pickaxe":1,"minecraft:stone_brick_stairs":1,"croptopia:mustard":1,"minecraft:netherrack":2},"minecraft:used":{"minecraft:oak_fence":2,"minecraft:stone_sword":94,"born_in_chaos_v1:intoxicating_decoction":1,"minecraft:spruce_planks":5,"minecraft:dirt":14,"croptopia:blueberry":3,"croptopia:broccoli":1,"minecraft:carrot":14,"minecraft:oak_stairs":1,"minecraft:golden_sword":38,"minecraft:hay_block":1,"minecraft:acacia_planks":3,"minecraft:enchanted_golden_apple":1,"minecraft:acacia_boat":1,"minecraft:stone_pickaxe":221,"minecraft:oak_planks":69,"minecraft:wooden_pickaxe":13,"croptopia:cucumber":1,"minecraft:crafting_table":3,"croptopia:cherry":5,"minecraft:spruce_log":3,"croptopia:orange":8,"minecraft:oak_log":1,"minecraft:wooden_hoe":14,"minecraft:apple":5,"minecraft:bread":70,"minecraft:stone_axe":121,"minecraft:cobblestone":85,"minecraft:birch_log":4}},"DataVersion":3465}