{"stats":{"minecraft:picked_up":{"minecraft:iron_leggings":1,"minecraft:iron_chestplate":1,"minecraft:stone":1,"minecraft:blue_orchid":1,"minecraft:diamond":2,"minecraft:iron_helmet":2,"minecraft:iron_ingot":11,"minecraft:gold_ingot":2,"minecraft:bread":1,"minecraft:iron_sword":1,"minecraft:coal":15,"minecraft:iron_horse_armor":1},"minecraft:custom":{"minecraft:open_barrel":1,"minecraft:time_since_rest":6755,"minecraft:open_chest":2,"minecraft:crouch_one_cm":48,"minecraft:play_time":6755,"minecraft:sprint_one_cm":4194,"minecraft:damage_taken":80,"minecraft:walk_one_cm":4009,"minecraft:sneak_time":190,"minecraft:jump":24,"minecraft:leave_game":1,"minecraft:time_since_death":6755,"minecraft:walk_on_water_one_cm":121,"minecraft:total_world_time":6755,"minecraft:climb_one_cm":401,"minecraft:fly_one_cm":76522,"minecraft:fall_one_cm":1076}},"DataVersion":3465}