{"stats":{"minecraft:dropped":{"minecraft:trident":1,"minecraft:enchanted_golden_apple":2},"minecraft:custom":{"minecraft:time_since_rest":130041,"minecraft:sprint_one_cm":13238,"minecraft:walk_one_cm":25179,"minecraft:drop":3,"minecraft:damage_dealt":56,"minecraft:fly_one_cm":1048178,"minecraft:open_chest":1,"minecraft:crouch_one_cm":4807,"minecraft:play_time":130041,"minecraft:sneak_time":6377,"minecraft:walk_under_water_one_cm":7581,"minecraft:jump":172,"minecraft:leave_game":1,"minecraft:time_since_death":130041,"minecraft:walk_on_water_one_cm":7186,"minecraft:total_world_time":130041,"minecraft:fall_one_cm":2833},"minecraft:picked_up":{"minecraft:crafting_table":1,"minecraft:dirt":3},"minecraft:used":{"minecraft:mangrove_leaves":32,"minecraft:creeper_spawn_egg":2,"minecraft:water_bucket":16,"minecraft:trident":1,"minecraft:jungle_leaves":209,"minecraft:packed_ice":1118,"minecraft:sea_lantern":62,"minecraft:iron_bars":26,"minecraft:snow_block":194,"minecraft:grass_block":643,"minecraft:birch_wood":1,"minecraft:oak_sign":3,"minecraft:stone":329,"minecraft:soul_lantern":6,"minecraft:oak_leaves":932,"minecraft:bedrock":84,"minecraft:debug_stick":5,"minecraft:warped_wart_block":676,"minecraft:oak_slab":1,"minecraft:crafting_table":5,"minecraft:ice":952,"minecraft:chain":29,"minecraft:sculk_shrieker":5,"minecraft:smooth_stone_slab":11,"minecraft:powder_snow_bucket":86,"minecraft:oak_hanging_sign":1,"minecraft:snowball":63,"minecraft:light_blue_stained_glass":103}},"DataVersion":3465}