{"stats":{"minecraft:custom":{"minecraft:jump":73,"minecraft:time_since_rest":28041,"minecraft:crouch_one_cm":1980,"minecraft:leave_game":1,"minecraft:play_time":28041,"minecraft:sprint_one_cm":3581,"minecraft:time_since_death":28041,"minecraft:walk_on_water_one_cm":4910,"minecraft:walk_one_cm":1853,"minecraft:sneak_time":837,"minecraft:total_world_time":28041,"minecraft:walk_under_water_one_cm":2417,"minecraft:fall_one_cm":2833,"minecraft:fly_one_cm":128746},"minecraft:used":{"minecraft:water_bucket":7,"minecraft:ice":106,"minecraft:packed_ice":270,"minecraft:sea_lantern":5,"minecraft:light_blue_stained_glass":100}},"DataVersion":3465}