{"stats":{"minecraft:custom":{"minecraft:jump":68,"minecraft:time_since_rest":23424,"minecraft:leave_game":1,"minecraft:walk_on_water_one_cm":1086,"minecraft:sprint_one_cm":3453,"minecraft:play_time":23424,"minecraft:time_since_death":23424,"minecraft:walk_one_cm":654,"minecraft:sneak_time":346,"minecraft:total_world_time":23424,"minecraft:walk_under_water_one_cm":1011,"minecraft:fall_one_cm":2833,"minecraft:fly_one_cm":98889},"minecraft:used":{"minecraft:ice":81,"minecraft:water_bucket":6,"minecraft:packed_ice":164,"minecraft:sea_lantern":5,"minecraft:light_blue_stained_glass":52}},"DataVersion":3465}