{"stats":{"minecraft:custom":{"minecraft:mob_kills":90,"minecraft:interact_with_crafting_table":32,"minecraft:open_barrel":20,"minecraft:open_shulker_box":2,"minecraft:damage_dealt_resisted":605,"minecraft:leave_game":5,"minecraft:time_since_death":219888,"minecraft:climb_one_cm":4525,"minecraft:sprint_one_cm":389396,"minecraft:walk_one_cm":409233,"minecraft:damage_blocked_by_shield":2423,"minecraft:drop":72,"minecraft:play_time":354891,"minecraft:deaths":3,"minecraft:sneak_time":15036,"minecraft:walk_under_water_one_cm":5441,"minecraft:boat_one_cm":62060,"minecraft:jump":2679,"minecraft:interact_with_blast_furnace":3,"minecraft:walk_on_water_one_cm":12499,"minecraft:total_world_time":354891,"minecraft:interact_with_furnace":21,"minecraft:tune_noteblock":4,"minecraft:sleep_in_bed":3,"minecraft:time_since_rest":214630,"minecraft:waystone_activated":1,"minecraft:open_enderchest":1,"minecraft:damage_taken":3742,"minecraft:damage_dealt":23384,"minecraft:swim_one_cm":32618,"minecraft:fly_one_cm":1446662,"minecraft:open_chest":23,"minecraft:crouch_one_cm":20423,"minecraft:fall_one_cm":58190},"minecraft:dropped":{"minecraft:bread":6,"minecraft:iron_ingot":5,"croptopia:lettuce_seed":2,"minecraft:stripped_mangrove_wood":6,"minecraft:wheat_seeds":17,"minecraft:cherry_log":2,"minecraft:cobblestone":16,"minecraft:leather":1,"gamma_beasts:prehnite":16,"croptopia:soybean_seed":2,"minecraft:flint":1,"minecraft:stick":2,"croptopia:tomato_seed":2,"minecraft:dirt":48,"croptopia:grape_seed":2,"croptopia:tomato":1,"minecraft:mangrove_stairs":2,"gravestone:obituary":6,"minecraft:wooden_sword":1,"minecraft:acacia_planks":1,"minecraft:cyan_carpet":2,"minecraft:dandelion":1,"minecraft:stone_axe":1,"minecraft:stone_sword":3,"minecraft:wheat":1,"minecraft:enchanted_golden_apple":1,"minecraft:debug_stick":1,"croptopia:blueberry_seed":4,"minecraft:sea_pickle":2,"minecraft:spruce_planks":1,"minecraft:andesite":1,"born_in_chaos_v1:corpse_maggot":17,"minecraft:acacia_slab":4,"minecraft:redstone_torch":2,"minecraft:wooden_pickaxe":1,"croptopia:tomatillo_seed":1,"minecraft:red_nether_bricks":4,"minecraft:arrow":2,"minecraft:stone_pickaxe":2,"minecraft:calcite":1,"croptopia:mustard":1},"minecraft:mined":{"minecraft:deepslate_diamond_ore":3,"gamma_beasts:thin_acacia_log":2,"minecraft:red_nether_bricks":6,"minecraft:shulker_box":1,"minecraft:granite":26,"gravestone:gravestone":3,"minecraft:acacia_log":13,"minecraft:coal_block":2,"minecraft:mangrove_trapdoor":1,"minecraft:spawner":5,"minecraft:hay_block":7,"minecraft:furnace":2,"minecraft:iron_ore":5,"minecraft:andesite":16,"minecraft:deepslate_lapis_ore":1,"minecraft:gold_block":1,"minecraft:deepslate_iron_ore":27,"minecraft:oak_stairs":3,"minecraft:lantern":1,"minecraft:smooth_quartz_stairs":1,"minecraft:stone":125,"minecraft:stripped_mangrove_wood":6,"minecraft:cake":1,"minecraft:mangrove_stairs":2,"minecraft:crafting_table":1,"minecraft:jungle_stairs":1,"minecraft:blast_furnace":2,"minecraft:calcite":5,"minecraft:cobblestone":1,"minecraft:oak_planks":5,"gamma_beasts:deepslate_prehnite_ore":21,"minecraft:sea_pickle":1,"minecraft:birch_log":1,"minecraft:jukebox":1,"minecraft:birch_leaves":3,"minecraft:grass":7,"minecraft:coal_ore":41,"minecraft:oak_log":9,"minecraft:cyan_carpet":1,"minecraft:gravel":8,"minecraft:dirt":3,"minecraft:gray_carpet":1,"minecraft:cobweb":4,"minecraft:oak_leaves":7,"minecraft:deepslate":51},"minecraft:used":{"minecraft:netherite_sword":29,"minecraft:stone_sword":79,"minecraft:acacia_log":32,"minecraft:flint_and_steel":99,"minecraft:stone_shovel":9,"minecraft:redstone":52,"born_in_chaos_v1:darkwarblade":3,"minecraft:oak_sign":6,"minecraft:chest":4,"minecraft:shield":34,"minecraft:ender_chest":1,"minecraft:iron_sword":421,"minecraft:stone":161,"minecraft:sculk":1142,"minecraft:sculk_sensor":10,"minecraft:iron_chestplate":1,"minecraft:debug_stick":24,"minecraft:torch":68,"minecraft:dirt":28,"minecraft:light_blue_dye":1,"gamma_beasts:prehnite_armor_boots":1,"minecraft:shulker_box":1,"minecraft:granite":29,"minecraft:sea_lantern":8,"minecraft:grass_block":16,"minecraft:lantern":1,"minecraft:iron_axe":31,"minecraft:oak_stairs":3,"minecraft:acacia_slab":4,"minecraft:lime_dye":2,"minecraft:bedrock":1,"minecraft:repeater":70,"minecraft:magma_block":283,"minecraft:bow":11,"minecraft:furnace":3,"minecraft:acacia_planks":7,"minecraft:cobbled_deepslate":50,"minecraft:red_dye":1,"minecraft:calcite":3,"croptopia:grape":1,"sculkhorde:sculk_arachnoid":1,"minecraft:acacia_boat":2,"minecraft:cobblestone_stairs":51,"croptopia:tomato":1,"minecraft:stone_pickaxe":247,"minecraft:chorus_fruit":11,"minecraft:gray_carpet":1,"minecraft:blackstone":23,"minecraft:wooden_pickaxe":6,"minecraft:glow_ink_sac":5,"witherstormmod:phasometer":1,"vct:acacia_crafting_table":4,"minecraft:mossy_cobblestone":1,"minecraft:sand":7,"minecraft:mangrove_trapdoor":1,"minecraft:tnt":55,"minecraft:crafting_table":5,"minecraft:sculk_shrieker":7,"minecraft:cyan_dye":3,"minecraft:spruce_log":1,"minecraft:redstone_torch":41,"minecraft:oak_log":15,"waystones:waystone":1,"minecraft:netherite_block":8,"minecraft:crying_obsidian":309,"minecraft:diamond_pickaxe":26,"minecraft:black_concrete":6,"minecraft:bread":64,"minecraft:dark_oak_log":33,"minecraft:stone_button":1,"minecraft:barrier":71,"minecraft:command_block":37,"witherstormmod:super_tnt":3,"minecraft:iron_pickaxe":65,"minecraft:jungle_stairs":10,"croptopia:tomatillo":1,"minecraft:gravel":7,"minecraft:stone_axe":11,"minecraft:fire_charge":17,"minecraft:diamond_sword":2,"minecraft:wooden_sword":24,"minecraft:cobblestone":95,"minecraft:andesite":15,"minecraft:pumpkin_pie":6,"minecraft:sea_pickle":2,"minecraft:oak_hanging_sign":7,"minecraft:sculk_vein":1204,"minecraft:sculk_catalyst":1},"minecraft:killed":{"born_in_chaos_v1:restless_spirit":3,"born_in_chaos_v1:zombie_lumberjack":5,"minecraft:spider":3,"born_in_chaos_v1:maggot":7,"minecraft:skeleton":10,"gamma_beasts:pangolin_c":1,"minecraft:husk":30,"born_in_chaos_v1:baby_skeleton":3,"born_in_chaos_v1:swarmer":1,"born_in_chaos_v1:decrepit_skeleton":2,"born_in_chaos_v1:bloody_gadfly":1,"minecraft:zombie":7,"born_in_chaos_v1:dread_hound":1,"born_in_chaos_v1:corpse_fly":9,"gamma_beasts:pangolin_a":1,"minecraft:villager":1},"minecraft:picked_up":{"minecraft:crafting_table":1,"minecraft:iron_chestplate":1,"minecraft:wheat":2,"born_in_chaos_v1:river_mint":5,"croptopia:grape_seed":2,"croptopia:tomatillo_seed":1,"gamma_beasts:fur":5,"croptopia:sweetpotato_seed":2,"minecraft:oak_stairs":3,"minecraft:gold_block":1,"gravestone:obituary":3,"minecraft:string":6,"croptopia:lettuce":2,"minecraft:raw_copper":42,"minecraft:red_nether_bricks":4,"minecraft:iron_leggings":1,"minecraft:cyan_carpet":2,"minecraft:blue_orchid":1,"minecraft:sea_pickle":4,"minecraft:cobbled_deepslate":50,"croptopia:tomatillo":1,"croptopia:tomato_seed":2,"minecraft:redstone_torch":2,"croptopia:pepper_seed":2,"minecraft:calcite":4,"croptopia:mustard_seed":2,"minecraft:coal_block":2,"minecraft:furnace":2,"minecraft:stick":3,"minecraft:raw_iron":32,"croptopia:corn_seed":9,"minecraft:stripped_mangrove_wood":6,"minecraft:stone":1,"croptopia:barley_seed":1,"minecraft:jukebox":1,"croptopia:soybean_seed":2,"minecraft:torch":7,"minecraft:acacia_log":14,"minecraft:cherry_log":2,"minecraft:redstone":1,"minecraft:mangrove_trapdoor":1,"minecraft:iron_horse_armor":1,"croptopia:grape":1,"minecraft:arrow":13,"minecraft:mangrove_stairs":3,"minecraft:rotten_flesh":34,"minecraft:jungle_stairs":1,"minecraft:hay_block":18,"gamma_beasts:coal_nugget":12,"minecraft:gold_ingot":2,"minecraft:cobblestone":995,"minecraft:birch_log":1,"croptopia:lettuce_seed":3,"born_in_chaos_v1:corpse_maggot":17,"born_in_chaos_v1:monster_flesh":1,"minecraft:andesite":16,"minecraft:leather":2,"gamma_beasts:prehnite":20,"minecraft:flint":1,"minecraft:oak_log":11,"minecraft:acacia_boat":1,"croptopia:blueberry_seed":4,"minecraft:lapis_lazuli":9,"minecraft:dirt":334,"minecraft:lantern":1,"born_in_chaos_v1:monster_skin":1,"minecraft:bone":18,"croptopia:corn":2,"croptopia:barley":2,"minecraft:gray_carpet":1,"croptopia:sweetpotato":1,"minecraft:bow":2,"gamma_beasts:meat":3,"minecraft:wheat_seeds":21,"minecraft:bell":1,"croptopia:bellpepper":1,"minecraft:iron_ingot":14,"croptopia:tomato":2,"minecraft:oak_planks":5,"minecraft:iron_sword":1,"minecraft:debug_stick":1,"croptopia:mustard":2,"born_in_chaos_v1:ethereal_spirit":3,"minecraft:dandelion":1,"croptopia:cucumber_seed":1,"minecraft:gravel":7,"gamma_beasts:thin_acacia_log":2,"minecraft:blast_furnace":2,"minecraft:shulker_box":1,"minecraft:diamond":5,"minecraft:stone_axe":1,"minecraft:iron_helmet":2,"minecraft:granite":26,"minecraft:golden_apple":1,"minecraft:bread":15,"minecraft:acacia_slab":2,"minecraft:coal":91},"minecraft:broken":{"minecraft:stone_pickaxe":1,"minecraft:iron_sword":1},"minecraft:crafted":{"minecraft:wooden_sword":1,"minecraft:oak_planks":40,"minecraft:furnace":1,"minecraft:bow":1,"minecraft:iron_axe":1,"minecraft:stone_pickaxe":3,"minecraft:wheat":162,"gamma_beasts:prehnite_armor_boots":1,"vct:acacia_crafting_table":4,"minecraft:crafting_table":4,"minecraft:acacia_slab":6,"minecraft:wooden_pickaxe":1,"minecraft:iron_helmet":1,"minecraft:iron_sword":2,"minecraft:birch_planks":4,"minecraft:acacia_boat":1,"minecraft:bread":54,"minecraft:air":0,"minecraft:iron_chestplate":1,"minecraft:diamond_pickaxe":1,"minecraft:shield":1,"minecraft:stick":32,"minecraft:iron_ingot":32,"minecraft:iron_pickaxe":1,"minecraft:stone_sword":3,"minecraft:iron_leggings":1,"minecraft:gold_ingot":9,"minecraft:acacia_planks":60,"minecraft:torch":52}},"DataVersion":3465}