{"stats":{"minecraft:picked_up":{"croptopia:lettuce_seed":1,"minecraft:iron_chestplate":1,"minecraft:stone":1,"croptopia:corn_seed":2,"born_in_chaos_v1:river_mint":1,"croptopia:barley_seed":1,"gamma_beasts:fur":5,"minecraft:torch":7,"croptopia:sweetpotato_seed":2,"croptopia:mustard":1,"minecraft:iron_horse_armor":1,"croptopia:lettuce":1,"minecraft:iron_leggings":1,"croptopia:corn":1,"minecraft:diamond":2,"minecraft:blue_orchid":1,"croptopia:barley":2,"croptopia:sweetpotato":1,"gamma_beasts:meat":3,"minecraft:wheat_seeds":3,"minecraft:bell":1,"minecraft:iron_helmet":2,"minecraft:iron_ingot":11,"minecraft:gold_ingot":2,"minecraft:bread":1,"croptopia:mustard_seed":2,"minecraft:iron_sword":1,"minecraft:coal":15},"minecraft:killed":{"gamma_beasts:pangolin_c":1,"gamma_beasts:pangolin_a":1},"minecraft:custom":{"minecraft:time_since_rest":26133,"minecraft:waystone_activated":1,"minecraft:sprint_one_cm":17872,"minecraft:walk_one_cm":21673,"minecraft:mob_kills":2,"minecraft:damage_dealt":1204,"minecraft:fly_one_cm":178729,"minecraft:crouch_one_cm":484,"minecraft:play_time":26133,"minecraft:sneak_time":695,"minecraft:jump":90,"minecraft:leave_game":1,"minecraft:time_since_death":26133,"minecraft:climb_one_cm":1667,"minecraft:total_world_time":26133},"minecraft:used":{"minecraft:oak_log":14,"waystones:waystone":1,"minecraft:netherite_sword":26,"minecraft:black_concrete":6,"minecraft:cobblestone_stairs":51,"minecraft:acacia_log":32,"minecraft:dark_oak_log":33,"minecraft:grass_block":15,"minecraft:oak_sign":5,"minecraft:blackstone":23,"minecraft:jungle_stairs":9,"minecraft:sculk":1,"minecraft:lime_dye":2,"minecraft:glow_ink_sac":5,"witherstormmod:phasometer":1,"minecraft:torch":22,"minecraft:mossy_cobblestone":1,"minecraft:cobblestone":65,"minecraft:light_blue_dye":1,"minecraft:cyan_dye":3,"minecraft:red_dye":1,"minecraft:oak_hanging_sign":7,"minecraft:sculk_vein":5}},"DataVersion":3465}