{"stats":{"minecraft:killed":{"minecraft:zombie":2},"minecraft:custom":{"minecraft:time_since_rest":56014,"minecraft:walk_one_cm":33135,"minecraft:sprint_one_cm":7904,"minecraft:damage_taken":80,"minecraft:mob_kills":2,"minecraft:drop":5,"minecraft:damage_dealt":353,"minecraft:interact_with_crafting_table":2,"minecraft:fly_one_cm":256604,"minecraft:open_barrel":2,"minecraft:open_chest":3,"minecraft:crouch_one_cm":751,"minecraft:play_time":64884,"minecraft:deaths":1,"minecraft:sneak_time":944,"minecraft:walk_under_water_one_cm":284,"minecraft:jump":124,"minecraft:leave_game":3,"minecraft:time_since_death":55981,"minecraft:walk_on_water_one_cm":734,"minecraft:total_world_time":64884,"minecraft:climb_one_cm":401,"minecraft:fall_one_cm":1076,"minecraft:interact_with_smithing_table":2},"minecraft:dropped":{"gamma_beasts:book":2,"born_in_chaos_v1:sea_terror_stomach":1,"minecraft:enchanted_golden_apple":2},"minecraft:used":{"minecraft:oak_log":1,"minecraft:netherite_block":8,"minecraft:netherite_sword":6,"minecraft:light_gray_dye":1,"vct:crimson_crafting_table":1,"minecraft:grass_block":2,"born_in_chaos_v1:hound_trap":2,"gamma_beasts:dgb":1,"minecraft:spruce_sign":8,"minecraft:white_dye":2,"minecraft:glow_ink_sac":3,"born_in_chaos_v1:infected_diamond_ore":1,"minecraft:blue_dye":1,"minecraft:redstone_lamp":4,"minecraft:smithing_table":1,"minecraft:light_blue_dye":1,"minecraft:hay_block":2,"born_in_chaos_v1:spiny_shell_trap":1,"born_in_chaos_v1:fel_lamp":2,"minecraft:goat_horn":1,"minecraft:black_dye":1,"born_in_chaos_v1:puddleofintoxication":1,"minecraft:cyan_dye":3,"minecraft:sculk_shrieker":1,"immersive_aircraft:biplane":1,"minecraft:red_dye":1,"born_in_chaos_v1:lord_pumpkinheads_lamp":2},"minecraft:picked_up":{"born_in_chaos_v1:corpse_maggot":3,"croptopia:lettuce_seed":1,"gamma_beasts:thin_oak_log":2,"croptopia:chile_pepper_seed":3,"minecraft:iron_chestplate":1,"croptopia:corn_seed":2,"minecraft:stone":1,"croptopia:broccoli_seed":1,"croptopia:broccoli":1,"croptopia:mustard":3,"gravestone:obituary":1,"minecraft:ink_sac":1,"minecraft:iron_horse_armor":1,"croptopia:lettuce":1,"minecraft:slime_ball":2,"croptopia:bellpepper_seed":2,"minecraft:iron_leggings":1,"minecraft:arrow":2,"croptopia:corn":1,"minecraft:rotten_flesh":4,"minecraft:blue_orchid":1,"minecraft:oak_sapling":1,"minecraft:diamond":2,"minecraft:wheat_seeds":1,"minecraft:scute":1,"gamma_beasts:book":1,"minecraft:iron_helmet":2,"croptopia:bellpepper":1,"minecraft:iron_ingot":11,"born_in_chaos_v1:spiny_shell":1,"croptopia:mustard_seed":6,"croptopia:pepper_seed":6,"minecraft:gold_ingot":2,"minecraft:bread":1,"croptopia:pepper":3,"born_in_chaos_v1:rotten_fish":2,"croptopia:kale_seed":1,"born_in_chaos_v1:sea_terror_stomach":1,"minecraft:iron_sword":1,"minecraft:coal":15,"minecraft:stick":1}},"DataVersion":3465}