{"stats":{"minecraft:killed":{"born_in_chaos_v1:zombie_clown":1,"minecraft:zombified_piglin":2,"born_in_chaos_v1:restless_spirit":6,"born_in_chaos_v1:zombie_lumberjack":6,"minecraft:spider":8,"sculkhorde:sculk_zombie":1,"born_in_chaos_v1:siamese_skeletonsright":1,"born_in_chaos_v1:baby_skeleton_minion":1,"born_in_chaos_v1:scarlet_persecutor":2,"sculkhorde:sculk_mite_aggressor":5,"minecraft:skeleton":15,"gamma_beasts:banndu_a":1,"gamma_beasts:pangolin_c":1,"minecraft:cat":1,"minecraft:creeper":1,"minecraft:zombie":19,"born_in_chaos_v1:dread_hound":3,"born_in_chaos_v1:corpse_fly":12,"minecraft:ghast":1,"born_in_chaos_v1:door_knight":1,"born_in_chaos_v1:siamese_skeletonsleft":1,"gamma_beasts:banndu":1,"sculkhorde:sculk_mite":4,"born_in_chaos_v1:zombie_bruiser":1,"born_in_chaos_v1:maggot":7,"sculkhorde:sculk_phantom_corpse":1,"sculkhorde:sculk_spitter":3,"born_in_chaos_v1:fallen_chaos_knight":2,"minecraft:husk":30,"born_in_chaos_v1:baby_skeleton":3,"born_in_chaos_v1:swarmer":1,"born_in_chaos_v1:decrepit_skeleton":7,"born_in_chaos_v1:bloody_gadfly":1,"born_in_chaos_v1:dark_vortex":1,"gamma_beasts:pangolin_a":1,"minecraft:villager":1},"minecraft:crafted":{"minecraft:oak_planks":44,"moonsweaponry:diamond_hammer":1,"croptopia:toast":4,"minecraft:bow":1,"immersive_aircraft:hull":2,"minecraft:chest":1,"gamma_beasts:prehnite_armor_boots":1,"sophisticatedbackpacks:backpack":1,"vct:acacia_crafting_table":5,"minecraft:crafting_table":7,"minecraft:acacia_slab":6,"minecraft:wooden_pickaxe":1,"minecraft:iron_helmet":1,"minecraft:birch_planks":4,"immersive_aircraft:propeller":1,"minecraft:diamond_pickaxe":1,"minecraft:iron_chestplate":1,"minecraft:shield":2,"minecraft:stick":36,"minecraft:iron_ingot":32,"minecraft:iron_pickaxe":1,"minecraft:stone_sword":3,"minecraft:gold_ingot":9,"minecraft:wooden_sword":1,"immersive_aircraft:sail":2,"minecraft:furnace":1,"minecraft:white_carpet":18,"minecraft:leather":4,"minecraft:iron_axe":1,"minecraft:stone_pickaxe":3,"minecraft:wheat":162,"sophisticatedbackpacks:iron_backpack":1,"minecraft:iron_sword":2,"sophisticatedbackpacks:gold_backpack":1,"minecraft:mangrove_planks":8,"minecraft:bread":70,"minecraft:acacia_boat":1,"minecraft:air":0,"croptopia:melon_juice":49,"immersive_aircraft:gyrodyne":1,"minecraft:iron_leggings":1,"minecraft:acacia_planks":60,"minecraft:torch":56},"minecraft:broken":{"minecraft:stone_pickaxe":1,"minecraft:iron_sword":1,"minecraft:iron_helmet":1},"minecraft:dropped":{"sophisticatedbackpacks:iron_backpack":1,"minecraft:gold_ore":960,"minecraft:iron_sword":1,"minecraft:stripped_mangrove_wood":6,"minecraft:diamond":12,"moonsweaponry:diamond_halberd":1,"gamma_beasts:almandine_cobblestone":1,"gamma_beasts:prehnite":18,"minecraft:leather":2,"minecraft:flint":2,"croptopia:tomato_seed":2,"minecraft:deepslate_gold_ore":256,"minecraft:dirt":48,"immersive_aircraft:gyrodyne":1,"gamma_beasts:book":3,"croptopia:melon_juice":18,"minecraft:stone_button":1,"minecraft:mangrove_stairs":3,"gravestone:obituary":8,"minecraft:wooden_sword":1,"minecraft:iron_pickaxe":1,"born_in_chaos_v1:death_totem":1,"minecraft:cyan_carpet":2,"minecraft:bone":2,"minecraft:gravel":1,"minecraft:stone_axe":1,"minecraft:ancient_debris":1,"minecraft:wheat":2,"minecraft:netherite_sword":1,"minecraft:obsidian":17,"born_in_chaos_v1:ethereal_spirit":1,"minecraft:rotten_flesh":6,"minecraft:enchanted_golden_apple":1,"minecraft:cooked_mutton":192,"croptopia:blueberry_seed":4,"minecraft:gunpowder":1,"born_in_chaos_v1:corpse_maggot":18,"minecraft:jungle_log":1,"croptopia:taco":22,"minecraft:acacia_slab":4,"minecraft:acacia_sapling":1,"minecraft:red_nether_bricks":4,"minecraft:arrow":68,"croptopia:mustard":1,"minecraft:netherrack":1,"gamma_beasts:fur":2,"minecraft:iron_ingot":5,"minecraft:bread":6,"croptopia:lettuce_seed":2,"minecraft:wheat_seeds":146,"minecraft:cherry_log":2,"minecraft:diamond_leggings":1,"croptopia:guide":1,"minecraft:iron_helmet":1,"minecraft:cobblestone":17,"minecraft:apple":1,"croptopia:soybean_seed":2,"minecraft:golden_apple":103,"minecraft:stick":3,"minecraft:diorite":1,"croptopia:grape_seed":2,"croptopia:tomato":1,"minecraft:diamond_helmet":1,"minecraft:iron_leggings":1,"minecraft:iron_axe":1,"minecraft:cactus":64,"minecraft:iron_shovel":1,"minecraft:string":2,"minecraft:acacia_planks":1,"minecraft:dandelion":1,"gravestone:gravestone":1,"minecraft:stone_sword":3,"minecraft:bowl":1,"minecraft:iron_boots":1,"minecraft:debug_stick":1,"minecraft:flint_and_steel":1,"minecraft:sea_pickle":2,"minecraft:diamond_chestplate":1,"minecraft:spruce_planks":1,"minecraft:diamond_pickaxe":1,"minecraft:iron_chestplate":1,"minecraft:andesite":1,"minecraft:redstone_torch":3,"minecraft:spider_eye":1,"minecraft:diamond_boots":1,"croptopia:tomatillo_seed":1,"minecraft:stone_pickaxe":2,"minecraft:wooden_pickaxe":1,"minecraft:calcite":1},"minecraft:mined":{"gamma_beasts:thin_acacia_log":2,"minecraft:sculk_vein":1,"minecraft:red_nether_bricks":6,"minecraft:granite":26,"minecraft:acacia_log":13,"minecraft:grass_block":6,"minecraft:coal_block":2,"minecraft:spawner":5,"gamma_beasts:almandine":1,"minecraft:sculk_catalyst":1,"minecraft:iron_ore":18,"minecraft:deepslate_lapis_ore":1,"minecraft:sculk_shrieker":1,"minecraft:oak_stairs":3,"minecraft:stripped_mangrove_wood":6,"minecraft:jungle_stairs":1,"minecraft:blast_furnace":2,"minecraft:calcite":5,"minecraft:melon":11,"minecraft:cobblestone":1,"minecraft:oak_planks":5,"minecraft:wall_torch":1,"minecraft:birch_log":1,"minecraft:wheat":32,"minecraft:lime_concrete":2,"minecraft:jukebox":1,"minecraft:grass":22,"minecraft:oak_log":10,"minecraft:dirt":8,"minecraft:netherrack":3,"minecraft:ancient_debris":4,"minecraft:oak_leaves":14,"minecraft:deepslate":62,"minecraft:tuff":2,"minecraft:deepslate_diamond_ore":24,"minecraft:shulker_box":2,"gravestone:gravestone":4,"minecraft:mangrove_trapdoor":1,"minecraft:hay_block":7,"minecraft:furnace":2,"minecraft:andesite":16,"minecraft:gold_block":1,"minecraft:deepslate_iron_ore":35,"minecraft:lantern":1,"minecraft:smooth_quartz_stairs":1,"minecraft:stone":140,"minecraft:cake":1,"minecraft:mangrove_stairs":2,"minecraft:crafting_table":1,"minecraft:sculk_sensor":2,"minecraft:tall_grass":3,"minecraft:sculk":15,"minecraft:diorite":1,"gamma_beasts:deepslate_prehnite_ore":21,"minecraft:sea_pickle":1,"minecraft:birch_leaves":3,"minecraft:coal_ore":41,"minecraft:gravel":8,"minecraft:cyan_carpet":1,"minecraft:gray_carpet":1,"minecraft:cobweb":4},"minecraft:picked_up":{"minecraft:iron_chestplate":1,"minecraft:wheat":51,"croptopia:grape_seed":2,"croptopia:tomatillo_seed":1,"gamma_beasts:fur":13,"minecraft:oak_stairs":3,"minecraft:string":11,"croptopia:lettuce":2,"minecraft:raw_copper":42,"minecraft:red_nether_bricks":4,"minecraft:iron_leggings":1,"minecraft:sea_pickle":4,"minecraft:gold_nugget":5,"minecraft:cobbled_deepslate":62,"minecraft:redstone_torch":2,"minecraft:calcite":4,"croptopia:mustard_seed":2,"minecraft:melon_slice":52,"minecraft:coal_block":2,"minecraft:mangrove_log":2,"minecraft:furnace":2,"minecraft:stick":5,"born_in_chaos_v1:shattered_skull":1,"croptopia:barley_seed":1,"minecraft:jukebox":1,"minecraft:torch":9,"minecraft:acacia_log":14,"minecraft:porkchop":6,"minecraft:cherry_log":2,"minecraft:diorite":1,"born_in_chaos_v1:nightmare_claw":1,"minecraft:rotten_flesh":64,"minecraft:mangrove_stairs":4,"gamma_beasts:coal_nugget":12,"minecraft:cobblestone":1013,"croptopia:lettuce_seed":3,"minecraft:birch_log":1,"gamma_beasts:almandine_cobblestone":1,"minecraft:magma_block":2,"minecraft:feather":2,"minecraft:andesite":16,"minecraft:jungle_log":1,"gamma_beasts:prehnite":22,"minecraft:flint":2,"minecraft:tuff":2,"minecraft:acacia_boat":1,"croptopia:blueberry_seed":4,"minecraft:lapis_lazuli":9,"minecraft:dirt":371,"minecraft:lantern":1,"born_in_chaos_v1:monster_skin":5,"minecraft:bone":31,"croptopia:corn":2,"croptopia:sweetpotato":1,"minecraft:bow":2,"minecraft:wheat_seeds":184,"minecraft:bell":1,"croptopia:bellpepper":2,"sculkhorde:infestation_purifier":2,"minecraft:oak_planks":5,"minecraft:debug_stick":1,"croptopia:mustard":2,"minecraft:jungle_planks":2,"sophisticatedbackpacks:iron_backpack":1,"minecraft:shulker_box":2,"minecraft:diamond":27,"minecraft:granite":26,"minecraft:golden_apple":40,"minecraft:bread":15,"minecraft:netherrack":538,"minecraft:oak_sapling":1,"minecraft:crafting_table":1,"born_in_chaos_v1:river_mint":5,"born_in_chaos_v1:seedof_chaos":2,"croptopia:sweetpotato_seed":2,"minecraft:gold_block":1,"minecraft:chain":1,"gravestone:obituary":4,"immersive_aircraft:biplane":4,"croptopia:bellpepper_seed":2,"minecraft:cyan_carpet":2,"minecraft:blue_orchid":1,"minecraft:netherite_sword":1,"croptopia:tomatillo":1,"croptopia:tomato_seed":2,"born_in_chaos_v1:gnawed_bones":1,"croptopia:pepper_seed":2,"minecraft:egg":1,"minecraft:raw_iron":53,"minecraft:stripped_mangrove_wood":6,"minecraft:stone":1,"croptopia:corn_seed":9,"croptopia:soybean_seed":2,"minecraft:bowl":1,"born_in_chaos_v1:pieceofdarkmetal":5,"minecraft:redstone":1,"minecraft:mangrove_trapdoor":1,"minecraft:iron_horse_armor":1,"croptopia:grape":1,"minecraft:tnt":1,"minecraft:arrow":16,"born_in_chaos_v1:wood_splitter_axe":1,"minecraft:jungle_stairs":1,"minecraft:hay_block":18,"minecraft:gold_ingot":2,"born_in_chaos_v1:corpse_maggot":19,"minecraft:jungle_boat":1,"born_in_chaos_v1:monster_flesh":4,"minecraft:leather":2,"minecraft:oak_log":12,"minecraft:ancient_debris":6,"minecraft:gunpowder":1,"immersive_aircraft:gyrodyne":2,"minecraft:apple":1,"croptopia:barley":2,"minecraft:gray_carpet":1,"gamma_beasts:meat":3,"minecraft:iron_ingot":27,"croptopia:tomato":2,"minecraft:acacia_sapling":1,"minecraft:iron_sword":1,"minecraft:book":16,"minecraft:quartz":10,"minecraft:lime_concrete":1,"minecraft:dandelion":3,"born_in_chaos_v1:ethereal_spirit":9,"croptopia:cucumber_seed":1,"minecraft:gravel":28,"born_in_chaos_v1:dark_rod":1,"gamma_beasts:thin_acacia_log":2,"minecraft:blast_furnace":2,"minecraft:spider_eye":1,"minecraft:stone_axe":1,"minecraft:iron_helmet":2,"minecraft:acacia_slab":3,"minecraft:coal":91},"minecraft:used":{"minecraft:oak_sign":6,"minecraft:chest":4,"minecraft:shield":43,"minecraft:stone":173,"minecraft:iron_sword":498,"minecraft:sculk_sensor":10,"minecraft:iron_chestplate":2,"minecraft:debug_stick":24,"croptopia:taco":19,"gamma_beasts:prehnite_armor_boots":2,"minecraft:tuff":2,"minecraft:obsidian":155,"minecraft:lava_bucket":15,"minecraft:mangrove_stairs":1,"minecraft:lantern":1,"minecraft:grass_block":25,"minecraft:iron_helmet":1,"born_in_chaos_v1:gnawed_bones":1,"born_in_chaos_v1:dark_vortex_spawn_egg":1,"minecraft:bedrock":1,"minecraft:repeater":97,"minecraft:magma_block":283,"minecraft:bow":52,"minecraft:oak_sapling":1,"minecraft:furnace":3,"minecraft:egg":1,"immersive_aircraft:biplane":5,"sculkhorde:sculk_arachnoid":1,"born_in_chaos_v1:zombie_lumberjack_spawn_egg":2,"croptopia:tomato":1,"born_in_chaos_v1:decaying_zombie_spawn_egg":1,"minecraft:gray_carpet":1,"minecraft:chorus_fruit":11,"minecraft:stone_pickaxe":247,"minecraft:blackstone":23,"minecraft:lime_concrete_powder":2,"minecraft:wooden_pickaxe":6,"minecraft:redstone_block":1,"sculkhorde:infestation_purifier":3,"minecraft:sand":24,"minecraft:cyan_dye":3,"minecraft:redstone_torch":45,"waystones:waystone":1,"minecraft:black_concrete":6,"minecraft:crying_obsidian":332,"minecraft:dark_oak_log":33,"minecraft:melon_slice":3,"minecraft:bread":105,"minecraft:barrier":71,"witherstormmod:super_tnt":3,"minecraft:stone_button":2,"born_in_chaos_v1:nightmare_stalker_spawn_egg":1,"croptopia:tomatillo":1,"minecraft:gravel":7,"croptopia:toast":4,"minecraft:diamond_sword":2,"minecraft:fire_charge":18,"minecraft:wooden_sword":24,"immersive_aircraft:gyrodyne":8,"minecraft:andesite":15,"minecraft:chain":1,"minecraft:oak_hanging_sign":7,"born_in_chaos_v1:supreme_bonescaller_not_despawn_spawn_egg":1,"minecraft:netherite_sword":80,"minecraft:enchanting_table":1,"minecraft:stone_sword":79,"minecraft:acacia_log":32,"minecraft:flint_and_steel":105,"minecraft:stone_shovel":9,"minecraft:redstone":62,"born_in_chaos_v1:darkwarblade":3,"minecraft:ender_chest":4,"minecraft:sculk":1142,"minecraft:netherrack":121,"minecraft:torch":73,"minecraft:dirt":55,"minecraft:anvil":3,"minecraft:ancient_debris":20,"minecraft:light_blue_dye":1,"witherstormmod:formidibomb":1,"minecraft:shulker_box":2,"minecraft:granite":29,"croptopia:melon_juice":48,"moonsweaponry:diamond_hammer":57,"minecraft:sea_lantern":21,"moonsweaponry:diamond_scythe":14,"minecraft:bookshelf":27,"minecraft:iron_axe":42,"minecraft:oak_stairs":3,"minecraft:acacia_slab":4,"born_in_chaos_v1:dire_hound_leader_spawn_egg":1,"minecraft:lime_dye":2,"born_in_chaos_v1:skeleton_demoman_spawn_egg":1,"minecraft:lime_concrete":93,"minecraft:red_dye":1,"minecraft:cobbled_deepslate":78,"minecraft:acacia_planks":24,"gravestone:gravestone":1,"minecraft:iron_leggings":1,"minecraft:calcite":3,"croptopia:grape":1,"minecraft:wheat_seeds":32,"minecraft:acacia_boat":2,"minecraft:water_bucket":1,"minecraft:cobblestone_stairs":51,"witherstormmod:phasometer":1,"minecraft:glow_ink_sac":5,"vct:acacia_crafting_table":5,"minecraft:mossy_cobblestone":1,"minecraft:mangrove_trapdoor":1,"minecraft:tnt":890,"minecraft:crafting_table":8,"minecraft:sculk_shrieker":7,"minecraft:smoker":1,"minecraft:spruce_log":1,"minecraft:oak_log":15,"minecraft:netherite_block":12,"minecraft:diamond_pickaxe":112,"minecraft:command_block":85,"minecraft:iron_pickaxe":65,"minecraft:jungle_stairs":10,"minecraft:stone_axe":11,"minecraft:cobblestone":150,"born_in_chaos_v1:wood_splitter_axe":85,"minecraft:pumpkin_pie":6,"minecraft:sea_pickle":2,"minecraft:sculk_vein":1204,"minecraft:sculk_catalyst":1,"minecraft:jukebox":1},"minecraft:custom":{"minecraft:interact_with_crafting_table":47,"minecraft:open_barrel":21,"minecraft:open_shulker_box":5,"minecraft:leave_game":7,"minecraft:time_since_death":174101,"minecraft:sprint_one_cm":595747,"minecraft:damage_blocked_by_shield":2978,"minecraft:drop":228,"minecraft:play_time":586431,"minecraft:deaths":4,"minecraft:jump":4504,"minecraft:walk_on_water_one_cm":31837,"minecraft:interact_with_furnace":23,"minecraft:sleep_in_bed":4,"minecraft:waystone_activated":2,"minecraft:open_enderchest":5,"minecraft:damage_dealt":38128,"minecraft:player_kills":1,"minecraft:crouch_one_cm":32863,"minecraft:interact_with_smoker":12,"minecraft:interact_with_anvil":2,"minecraft:mob_kills":160,"minecraft:damage_dealt_resisted":833,"minecraft:climb_one_cm":4760,"minecraft:walk_one_cm":707471,"minecraft:sneak_time":24593,"minecraft:walk_under_water_one_cm":24891,"minecraft:boat_one_cm":62060,"minecraft:interact_with_blast_furnace":4,"minecraft:total_world_time":586431,"minecraft:tune_noteblock":4,"minecraft:time_since_rest":171598,"minecraft:damage_taken":9436,"minecraft:damage_absorbed":137,"minecraft:swim_one_cm":48565,"minecraft:fly_one_cm":3254360,"minecraft:open_chest":24,"minecraft:fall_one_cm":115103}},"DataVersion":3465}