{"stats":{"minecraft:dropped":{"minecraft:enchanted_golden_apple":2,"minecraft:trident":1},"minecraft:custom":{"minecraft:time_since_rest":88041,"minecraft:crouch_one_cm":2768,"minecraft:sprint_one_cm":6608,"minecraft:play_time":88041,"minecraft:walk_one_cm":14099,"minecraft:sneak_time":3564,"minecraft:walk_under_water_one_cm":3191,"minecraft:drop":3,"minecraft:jump":118,"minecraft:damage_dealt":40,"minecraft:leave_game":1,"minecraft:walk_on_water_one_cm":6347,"minecraft:time_since_death":88041,"minecraft:total_world_time":88041,"minecraft:fall_one_cm":2833,"minecraft:fly_one_cm":696041},"minecraft:picked_up":{"minecraft:dirt":3},"minecraft:used":{"minecraft:bedrock":84,"minecraft:trident":1,"minecraft:water_bucket":16,"minecraft:packed_ice":1112,"minecraft:sea_lantern":5,"minecraft:snow_block":194,"minecraft:grass_block":114,"minecraft:ice":951,"minecraft:light_blue_stained_glass":103,"minecraft:snowball":63,"minecraft:powder_snow_bucket":86}},"DataVersion":3465}