{"stats":{"minecraft:killed":{"minecraft:zombie":2},"minecraft:custom":{"minecraft:interact_with_smithing_table":2,"minecraft:mob_kills":3,"minecraft:interact_with_crafting_table":2,"minecraft:open_barrel":3,"minecraft:leave_game":5,"minecraft:time_since_death":115417,"minecraft:climb_one_cm":401,"minecraft:time_since_rest":115450,"minecraft:waystone_activated":1,"minecraft:sprint_one_cm":20727,"minecraft:damage_taken":80,"minecraft:walk_one_cm":53063,"minecraft:drop":5,"minecraft:damage_dealt":353,"minecraft:fly_one_cm":436730,"minecraft:open_chest":3,"minecraft:crouch_one_cm":1200,"minecraft:play_time":124320,"minecraft:deaths":1,"minecraft:sneak_time":1560,"minecraft:walk_under_water_one_cm":284,"minecraft:jump":207,"minecraft:walk_on_water_one_cm":734,"minecraft:total_world_time":124320,"minecraft:fall_one_cm":1076},"minecraft:dropped":{"born_in_chaos_v1:sea_terror_stomach":1,"minecraft:enchanted_golden_apple":2,"gamma_beasts:book":2},"minecraft:used":{"minecraft:netherite_sword":6,"minecraft:light_gray_dye":1,"minecraft:cobblestone_stairs":59,"minecraft:dirt_path":2,"minecraft:iron_shovel":7,"vct:crimson_crafting_table":1,"born_in_chaos_v1:hound_trap":5,"gamma_beasts:dgb":1,"minecraft:spruce_sign":10,"minecraft:white_dye":2,"minecraft:glow_ink_sac":5,"born_in_chaos_v1:infected_diamond_ore":1,"minecraft:brown_dye":1,"minecraft:blue_dye":1,"born_in_chaos_v1:spiny_shell_trap":1,"minecraft:light_blue_dye":1,"minecraft:oak_slab":8,"minecraft:sculk_shrieker":1,"born_in_chaos_v1:puddleofintoxication":1,"minecraft:cyan_dye":3,"minecraft:yellow_dye":1,"minecraft:oak_log":34,"waystones:waystone":1,"minecraft:netherite_block":8,"minecraft:grass_block":8,"minecraft:lime_dye":1,"born_in_chaos_v1:closed_hound_trap":3,"minecraft:redstone_lamp":4,"minecraft:cobblestone":98,"minecraft:hay_block":2,"born_in_chaos_v1:fel_lamp":2,"minecraft:goat_horn":1,"minecraft:black_dye":1,"minecraft:smithing_table":1,"minecraft:red_dye":1,"immersive_aircraft:biplane":1,"born_in_chaos_v1:lord_pumpkinheads_lamp":2},"minecraft:picked_up":{"croptopia:lettuce_seed":2,"gamma_beasts:thin_oak_log":2,"born_in_chaos_v1:corpse_maggot":3,"minecraft:iron_chestplate":1,"croptopia:broccoli_seed":1,"croptopia:broccoli":1,"croptopia:sweetpotato_seed":1,"gravestone:obituary":1,"croptopia:lettuce":2,"minecraft:iron_leggings":1,"croptopia:bellpepper_seed":2,"croptopia:corn":1,"minecraft:blue_orchid":1,"croptopia:sweetpotato":1,"minecraft:wheat_seeds":2,"gamma_beasts:book":1,"croptopia:bellpepper":1,"minecraft:iron_ingot":11,"croptopia:pepper_seed":6,"croptopia:mustard_seed":8,"croptopia:kale_seed":1,"minecraft:iron_sword":1,"croptopia:chile_pepper_seed":3,"minecraft:stick":1,"minecraft:stone":1,"croptopia:corn_seed":2,"croptopia:mustard":4,"minecraft:ink_sac":1,"minecraft:iron_horse_armor":1,"minecraft:arrow":2,"minecraft:slime_ball":2,"minecraft:rotten_flesh":5,"minecraft:diamond":2,"minecraft:iron_helmet":2,"minecraft:scute":1,"born_in_chaos_v1:spiny_shell":1,"minecraft:gold_ingot":2,"minecraft:bread":1,"croptopia:pepper":3,"minecraft:oak_sapling":2,"born_in_chaos_v1:rotten_fish":2,"minecraft:coal":15,"born_in_chaos_v1:sea_terror_stomach":1}},"DataVersion":3465}