{"stats":{"minecraft:dropped":{"minecraft:enchanted_golden_apple":2,"minecraft:trident":1},"minecraft:custom":{"minecraft:open_chest":1,"minecraft:time_since_rest":118041,"minecraft:crouch_one_cm":4773,"minecraft:sprint_one_cm":12328,"minecraft:play_time":118041,"minecraft:walk_one_cm":23951,"minecraft:sneak_time":5856,"minecraft:walk_under_water_one_cm":7581,"minecraft:drop":3,"minecraft:jump":163,"minecraft:damage_dealt":56,"minecraft:leave_game":1,"minecraft:walk_on_water_one_cm":7186,"minecraft:time_since_death":118041,"minecraft:total_world_time":118041,"minecraft:fall_one_cm":2833,"minecraft:fly_one_cm":941492},"minecraft:picked_up":{"minecraft:crafting_table":1,"minecraft:dirt":3},"minecraft:used":{"minecraft:creeper_spawn_egg":2,"minecraft:soul_lantern":6,"minecraft:debug_stick":5,"minecraft:bedrock":84,"minecraft:trident":1,"minecraft:water_bucket":16,"minecraft:packed_ice":1112,"minecraft:sea_lantern":62,"minecraft:iron_bars":26,"minecraft:warped_wart_block":676,"minecraft:crafting_table":5,"minecraft:snow_block":194,"minecraft:oak_slab":1,"minecraft:grass_block":640,"minecraft:birch_wood":1,"minecraft:smooth_stone_slab":11,"minecraft:chain":29,"minecraft:sculk_shrieker":5,"minecraft:ice":952,"minecraft:oak_hanging_sign":1,"minecraft:light_blue_stained_glass":103,"minecraft:snowball":63,"minecraft:powder_snow_bucket":86,"minecraft:oak_leaves":878}},"DataVersion":3465}