{"stats":{"minecraft:dropped":{"minecraft:enchanted_golden_apple":2},"minecraft:custom":{"minecraft:time_since_rest":40041,"minecraft:crouch_one_cm":2653,"minecraft:sprint_one_cm":4702,"minecraft:play_time":40041,"minecraft:walk_one_cm":5589,"minecraft:sneak_time":1671,"minecraft:walk_under_water_one_cm":2964,"minecraft:drop":2,"minecraft:jump":86,"minecraft:damage_dealt":30,"minecraft:leave_game":1,"minecraft:walk_on_water_one_cm":5988,"minecraft:time_since_death":40041,"minecraft:total_world_time":40041,"minecraft:fall_one_cm":2833,"minecraft:fly_one_cm":277139},"minecraft:used":{"minecraft:bedrock":83,"minecraft:water_bucket":7,"minecraft:packed_ice":352,"minecraft:sea_lantern":5,"minecraft:snow_block":138,"minecraft:ice":106,"minecraft:light_blue_stained_glass":100,"minecraft:snowball":63,"minecraft:powder_snow_bucket":86}},"DataVersion":3465}