{"stats":{"minecraft:dropped":{"minecraft:enchanted_golden_apple":2,"minecraft:trident":1},"minecraft:custom":{"minecraft:time_since_rest":64041,"minecraft:crouch_one_cm":2653,"minecraft:sprint_one_cm":4913,"minecraft:play_time":64041,"minecraft:walk_one_cm":11377,"minecraft:sneak_time":2998,"minecraft:walk_under_water_one_cm":3191,"minecraft:drop":3,"minecraft:jump":92,"minecraft:damage_dealt":40,"minecraft:leave_game":1,"minecraft:walk_on_water_one_cm":6347,"minecraft:time_since_death":64041,"minecraft:total_world_time":64041,"minecraft:fall_one_cm":2833,"minecraft:fly_one_cm":541220},"minecraft:picked_up":{"minecraft:dirt":3},"minecraft:used":{"minecraft:bedrock":84,"minecraft:trident":1,"minecraft:water_bucket":16,"minecraft:packed_ice":953,"minecraft:sea_lantern":5,"minecraft:snow_block":180,"minecraft:ice":341,"minecraft:light_blue_stained_glass":103,"minecraft:snowball":63,"minecraft:powder_snow_bucket":86}},"DataVersion":3465}