{"stats":{"minecraft:killed":{"minecraft:salmon":2,"minecraft:zombie":2},"minecraft:dropped":{"minecraft:gravel":9,"minecraft:brown_mushroom":1,"minecraft:wheat_seeds":1,"minecraft:wheat":1,"minecraft:red_mushroom":3,"minecraft:gunpowder":1,"minecraft:oak_sapling":8,"minecraft:wooden_pickaxe":2},"minecraft:crafted":{"minecraft:oak_planks":16,"minecraft:crafting_table":4,"minecraft:spruce_planks":92,"minecraft:wooden_pickaxe":2,"minecraft:baked_potato":5,"minecraft:bowl":8,"minecraft:furnace":1,"minecraft:cooked_salmon":2,"minecraft:mushroom_stew":10,"minecraft:stone_axe":2,"minecraft:bread":10,"minecraft:air":0,"minecraft:stick":24,"minecraft:stone_pickaxe":2,"minecraft:spruce_boat":1},"minecraft:custom":{"minecraft:interact_with_furnace":6,"minecraft:mob_kills":4,"minecraft:interact_with_crafting_table":16,"minecraft:time_since_death":10698,"minecraft:damage_resisted":116,"minecraft:time_since_rest":10730,"minecraft:sprint_one_cm":145820,"minecraft:damage_absorbed":160,"minecraft:damage_taken":1256,"minecraft:walk_one_cm":120932,"minecraft:drop":13,"minecraft:damage_dealt":1065,"minecraft:swim_one_cm":1454,"minecraft:fly_one_cm":372278,"minecraft:player_kills":1,"minecraft:open_chest":2,"minecraft:crouch_one_cm":13522,"minecraft:play_time":48080,"minecraft:deaths":3,"minecraft:sneak_time":4617,"minecraft:walk_under_water_one_cm":23103,"minecraft:boat_one_cm":44366,"minecraft:jump":1404,"minecraft:walk_on_water_one_cm":12590,"minecraft:total_world_time":48080,"minecraft:fall_one_cm":39019},"minecraft:mined":{"minecraft:oak_sapling":1,"minecraft:brown_mushroom":11,"minecraft:crafting_table":4,"minecraft:grass_block":3,"minecraft:spruce_leaves":36,"minecraft:furnace":1,"minecraft:ice":1,"minecraft:spruce_log":28,"minecraft:birch_leaves":1,"minecraft:grass":47,"minecraft:coal_ore":24,"minecraft:oak_log":4,"minecraft:dirt":2,"minecraft:gravel":11,"minecraft:sand":1,"minecraft:packed_ice":13,"minecraft:red_mushroom_block":56,"minecraft:stone":56,"minecraft:oak_leaves":170},"minecraft:killed_by":{"minecraft:player":1,"minecraft:creeper":1},"minecraft:used":{"minecraft:rabbit":1,"minecraft:stone_pickaxe":38,"minecraft:spruce_planks":11,"minecraft:wooden_pickaxe":54,"minecraft:dirt":23,"minecraft:sand":1,"minecraft:crafting_table":5,"minecraft:mushroom_stew":2,"minecraft:snowball":14,"minecraft:spruce_boat":1,"minecraft:bread":9,"minecraft:spruce_sapling":1,"minecraft:stone_axe":23,"minecraft:oak_sapling":2,"minecraft:furnace":1,"minecraft:potato":1,"minecraft:enchanted_golden_apple":1},"minecraft:picked_up":{"minecraft:crafting_table":5,"minecraft:salmon":2,"minecraft:brown_mushroom":11,"minecraft:red_mushroom":13,"minecraft:flint":2,"minecraft:oak_log":4,"minecraft:gunpowder":1,"minecraft:dirt":31,"minecraft:wheat_seeds":2,"minecraft:spruce_planks":28,"minecraft:rabbit":1,"minecraft:enchanted_golden_apple":2,"minecraft:furnace":1,"minecraft:stick":6,"minecraft:gravel":9,"minecraft:sand":1,"minecraft:spruce_sapling":1,"minecraft:spruce_log":32,"minecraft:rotten_flesh":1,"minecraft:oak_sapling":10,"minecraft:coal":45,"minecraft:snowball":37,"minecraft:cobblestone":57}},"DataVersion":3465}