{"stats":{"minecraft:killed":{"minecraft:zombie":2,"minecraft:salmon":2},"minecraft:dropped":{"minecraft:gravel":6,"minecraft:wheat_seeds":1,"minecraft:gunpowder":1,"minecraft:wheat":1,"minecraft:oak_sapling":8,"minecraft:wooden_pickaxe":1},"minecraft:crafted":{"minecraft:baked_potato":5,"minecraft:crafting_table":3,"minecraft:stick":8,"minecraft:spruce_planks":64,"minecraft:wooden_pickaxe":1,"minecraft:stone_pickaxe":1,"minecraft:furnace":1,"minecraft:cooked_salmon":2,"minecraft:stone_axe":1,"minecraft:air":0,"minecraft:bread":10},"minecraft:custom":{"minecraft:time_since_rest":21931,"minecraft:interact_with_furnace":6,"minecraft:sprint_one_cm":110383,"minecraft:walk_one_cm":98851,"minecraft:damage_taken":1116,"minecraft:damage_absorbed":160,"minecraft:mob_kills":4,"minecraft:drop":7,"minecraft:damage_dealt":1020,"minecraft:interact_with_crafting_table":6,"minecraft:swim_one_cm":1268,"minecraft:player_kills":1,"minecraft:fly_one_cm":290692,"minecraft:open_chest":2,"minecraft:crouch_one_cm":12509,"minecraft:play_time":36080,"minecraft:deaths":2,"minecraft:sneak_time":3942,"minecraft:walk_under_water_one_cm":22842,"minecraft:jump":1147,"minecraft:walk_on_water_one_cm":12430,"minecraft:time_since_death":21898,"minecraft:total_world_time":36080,"minecraft:damage_resisted":116,"minecraft:fall_one_cm":31158},"minecraft:mined":{"minecraft:furnace":1,"minecraft:ice":1,"minecraft:spruce_log":21,"minecraft:birch_leaves":1,"minecraft:crafting_table":1,"minecraft:grass":45,"minecraft:grass_block":2,"minecraft:coal_ore":22,"minecraft:gravel":7,"minecraft:dirt":1,"minecraft:packed_ice":12,"minecraft:spruce_leaves":30,"minecraft:stone":30,"minecraft:oak_leaves":167},"minecraft:killed_by":{"minecraft:player":1,"minecraft:creeper":1},"minecraft:used":{"minecraft:rabbit":1,"minecraft:bread":9,"minecraft:stone_pickaxe":30,"minecraft:spruce_planks":11,"minecraft:wooden_pickaxe":26,"minecraft:spruce_sapling":1,"minecraft:stone_axe":10,"minecraft:dirt":21,"minecraft:crafting_table":2,"minecraft:furnace":1,"minecraft:potato":1,"minecraft:snowball":14,"minecraft:enchanted_golden_apple":1},"minecraft:picked_up":{"minecraft:stick":6,"minecraft:crafting_table":1,"minecraft:salmon":2,"minecraft:gravel":6,"minecraft:flint":1,"minecraft:spruce_sapling":1,"minecraft:spruce_log":21,"minecraft:gunpowder":1,"minecraft:dirt":29,"minecraft:rotten_flesh":1,"minecraft:wheat_seeds":2,"minecraft:spruce_planks":28,"minecraft:rabbit":1,"minecraft:enchanted_golden_apple":2,"minecraft:oak_sapling":8,"minecraft:coal":43,"minecraft:snowball":37,"minecraft:cobblestone":30,"minecraft:furnace":1}},"DataVersion":3465}