{"stats":{"minecraft:killed":{"born_in_chaos_v1:zombie_lumberjack":4,"born_in_chaos_v1:restless_spirit":3,"born_in_chaos_v1:skeleton_demoman":1,"minecraft:spider":7,"sculkhorde:sculk_zombie":4,"born_in_chaos_v1:baby_skeleton_minion":1,"born_in_chaos_v1:scarlet_persecutor":1,"sculkhorde:sculk_mite_aggressor":2,"minecraft:skeleton":7,"born_in_chaos_v1:skeleton_thrasher":2,"minecraft:piglin":1,"minecraft:pig":3,"born_in_chaos_v1:bone_imp":1,"minecraft:sheep":3,"gamma_beasts:banndu_c":1,"minecraft:zombie":15,"born_in_chaos_v1:dread_hound":1,"born_in_chaos_v1:corpse_fly":8,"minecraft:glow_squid":1,"gamma_beasts:sppinto_c":1,"sculkhorde:sculk_mite":1,"born_in_chaos_v1:zombie_bruiser":1,"born_in_chaos_v1:maggot":3,"sculkhorde:sculk_phantom_corpse":1,"sculkhorde:sculk_spitter":1,"born_in_chaos_v1:baby_skeleton":2,"born_in_chaos_v1:swarmer":1,"born_in_chaos_v1:spirit_guide_assistant":1,"born_in_chaos_v1:decrepit_skeleton":11,"born_in_chaos_v1:dark_vortex":1},"minecraft:crafted":{"minecraft:oak_planks":12,"gamma_beasts:red_maple_planks":16,"minecraft:bow":2,"minecraft:iron_boots":1,"vct:acacia_crafting_table":4,"minecraft:iron_helmet":1,"minecraft:wooden_pickaxe":1,"minecraft:shield":2,"minecraft:stick":24,"minecraft:iron_ingot":15,"minecraft:iron_pickaxe":1,"minecraft:gold_ingot":13,"croptopia:knife":1,"croptopia:cooking_pot":1,"minecraft:furnace":1,"vct:dark_oak_crafting_table":1,"minecraft:flint_and_steel":1,"minecraft:stone_pickaxe":1,"minecraft:dark_oak_planks":8,"minecraft:wheat":342,"minecraft:bucket":1,"minecraft:stone_axe":2,"minecraft:acacia_boat":1,"minecraft:bread":122,"minecraft:air":0,"minecraft:golden_apple":3,"minecraft:iron_leggings":1,"minecraft:acacia_planks":92,"minecraft:torch":4},"minecraft:broken":{"minecraft:iron_boots":1,"minecraft:stone_axe":1,"minecraft:shield":2,"minecraft:iron_helmet":1},"minecraft:killed_by":{"minecraft:player":5},"minecraft:dropped":{"minecraft:nether_brick_stairs":2,"sophisticatedbackpacks:iron_backpack":1,"minecraft:gold_ore":64,"minecraft:porkchop":10,"minecraft:diamond_axe":1,"minecraft:glow_ink_sac":2,"minecraft:glass_bottle":3,"croptopia:cucumber":1,"gamma_beasts:almandine_cobblestone":6,"moonsweaponry:diamond_halberd":1,"gamma_beasts:prehnite":2,"minecraft:leather":3,"croptopia:chile_pepper_seed":4,"minecraft:emerald":1,"minecraft:item_frame":1,"born_in_chaos_v1:monster_flesh":1,"minecraft:dirt":2,"gamma_beasts:book":1,"croptopia:squash_seed":2,"croptopia:sweetpotato_seed":4,"minecraft:gold_nugget":63,"gravestone:obituary":25,"minecraft:amethyst_shard":4,"minecraft:bone_meal":1,"croptopia:barley_seed":1,"croptopia:rutabaga_seed":2,"minecraft:iron_pickaxe":2,"minecraft:glistering_melon_slice":5,"croptopia:mustard_seed":1,"minecraft:birch_log":2,"minecraft:armor_stand":1,"minecraft:bone":28,"minecraft:waxed_cut_copper_slab":2,"minecraft:gravel":132,"croptopia:olive_seed":2,"minecraft:blackstone":2,"minecraft:birch_sapling":2,"minecraft:wheat":11,"minecraft:obsidian":7,"born_in_chaos_v1:ethereal_spirit":4,"minecraft:beetroot":3,"minecraft:rotten_flesh":36,"croptopia:chile_pepper":4,"minecraft:oak_planks":2,"croptopia:greenbean_seed":2,"gamma_beasts:kiwi":2,"minecraft:cooked_mutton":42,"minecraft:white_bed":2,"minecraft:salmon":1,"minecraft:carrot":13,"minecraft:poppy":1,"minecraft:gunpowder":1,"minecraft:beetroot_seeds":7,"minecraft:melon_seeds":2,"born_in_chaos_v1:corpse_maggot":8,"minecraft:acacia_slab":1,"minecraft:acacia_sapling":5,"minecraft:red_nether_bricks":1,"minecraft:iron_bars":1,"minecraft:quartz":11,"born_in_chaos_v1:marigolds":1,"croptopia:barley":1,"croptopia:squash":1,"minecraft:written_book":1,"croptopia:mustard":1,"minecraft:netherrack":1264,"gamma_beasts:fur":5,"croptopia:persimmon":5,"minecraft:iron_ingot":1,"minecraft:bread":37,"croptopia:lettuce_seed":1,"minecraft:wheat_seeds":158,"minecraft:golden_helmet":1,"minecraft:cherry_log":2,"croptopia:guide":1,"minecraft:iron_helmet":2,"minecraft:book":9,"croptopia:sweetpotato":1,"minecraft:apple":1,"minecraft:granite":1,"croptopia:olive":1,"minecraft:golden_apple":134,"minecraft:coal_block":13,"minecraft:stick":20,"croptopia:celery_seed":1,"croptopia:greenbean":1,"gamma_beasts:red_maple_planks":12,"born_in_chaos_v1:river_mint":1,"croptopia:grape_seed":5,"minecraft:torch":1,"croptopia:lettuce":1,"minecraft:melon_slice":5,"minecraft:iron_leggings":4,"minecraft:iron_axe":1,"minecraft:jungle_boat":3,"minecraft:orange_bed":1,"minecraft:string":10,"minecraft:gray_carpet":1,"minecraft:acacia_planks":13,"minecraft:dandelion":2,"minecraft:polished_deepslate":1,"minecraft:kelp":1,"minecraft:bowl":3,"croptopia:cucumber_seed":2,"minecraft:polished_deepslate_slab":1,"minecraft:iron_boots":1,"minecraft:red_nether_brick_stairs":1,"minecraft:diamond_sword":1,"gamma_beasts:prehnite_armor_chestplate":1,"minecraft:potato":11,"gamma_beasts:meat":3,"minecraft:diamond_pickaxe":2,"minecraft:iron_chestplate":2,"born_in_chaos_v1:spiny_shell":3,"minecraft:andesite":1,"minecraft:oak_sapling":7,"minecraft:spider_eye":3,"minecraft:spruce_log":1,"minecraft:bow":1,"minecraft:wooden_pickaxe":2,"minecraft:magma_block":67,"gamma_beasts:bird_thigh":4},"minecraft:mined":{"minecraft:waxed_cut_copper_slab":2,"minecraft:white_bed":1,"croptopia:greenbean_crop":1,"minecraft:red_nether_bricks":1,"minecraft:granite":1,"minecraft:acacia_log":32,"minecraft:grass_block":20,"minecraft:tall_seagrass":4,"minecraft:magma_block":6,"minecraft:red_nether_brick_stairs":1,"minecraft:iron_ore":24,"minecraft:cobbled_deepslate":1,"minecraft:fire":4,"minecraft:nether_brick_stairs":2,"croptopia:apple_crop":3,"minecraft:oak_stairs":3,"minecraft:polished_deepslate_slab":1,"minecraft:iron_bars":1,"vct:acacia_crafting_table":12,"minecraft:stripped_mangrove_wood":1,"minecraft:blackstone":1,"minecraft:orange_terracotta":1,"minecraft:torch":7,"vct:dark_oak_crafting_table":1,"minecraft:oak_planks":2,"minecraft:wall_torch":3,"minecraft:seagrass":1,"minecraft:wheat":57,"croptopia:pear_crop":1,"minecraft:lime_concrete":2,"born_in_chaos_v1:river_mint":1,"minecraft:tnt":2,"sculkhorde:sculk_summoner":1,"croptopia:chile_pepper_crop":5,"minecraft:grass":156,"minecraft:oak_log":3,"minecraft:beetroots":3,"minecraft:dirt":13,"minecraft:ancient_debris":17,"minecraft:netherrack":441,"gamma_beasts:red_maple_log":4,"minecraft:oak_leaves":22,"minecraft:deepslate":3,"minecraft:yellow_terracotta":3,"croptopia:cucumber_crop":1,"minecraft:shulker_box":6,"gravestone:gravestone":14,"minecraft:acacia_slab":1,"minecraft:hay_block":55,"croptopia:barley_crop":1,"minecraft:carrots":9,"minecraft:furnace":1,"croptopia:corn_crop":1,"minecraft:andesite":1,"minecraft:polished_deepslate":1,"gamma_beasts:acacia_hoja":1,"croptopia:squash_crop":1,"minecraft:potatoes":5,"minecraft:deepslate_iron_ore":16,"minecraft:stone":41,"minecraft:acacia_leaves":16,"minecraft:mangrove_stairs":1,"minecraft:glass_pane":2,"born_in_chaos_v1:marigolds":1,"croptopia:lettuce_crop":1,"croptopia:sweetpotato_crop":1,"minecraft:tall_grass":21,"minecraft:deepslate_gold_ore":2,"minecraft:sculk":1,"minecraft:diorite":1,"croptopia:olive_crop":1,"minecraft:birch_leaves":1,"minecraft:mangrove_slab":2,"minecraft:coal_ore":38,"croptopia:celery_crop":1,"croptopia:kiwi_crop":1,"minecraft:gravel":6,"minecraft:cyan_carpet":1,"minecraft:gray_carpet":1,"croptopia:rutabaga_crop":1,"minecraft:iron_trapdoor":1},"minecraft:picked_up":{"minecraft:iron_chestplate":2,"minecraft:wheat":49,"croptopia:grape_seed":4,"gamma_beasts:fur":9,"minecraft:diamond_sword":3,"minecraft:oak_stairs":3,"minecraft:polished_deepslate":1,"croptopia:lettuce":2,"minecraft:string":16,"croptopia:cantaloupe":1,"minecraft:waxed_cut_copper_slab":2,"minecraft:red_nether_bricks":1,"minecraft:armor_stand":1,"minecraft:iron_leggings":3,"minecraft:netherite_ingot":4,"minecraft:beetroot":3,"minecraft:diamond_leggings":1,"minecraft:gold_nugget":99,"minecraft:cobbled_deepslate":34,"minecraft:iron_pickaxe":3,"croptopia:mustard_seed":1,"minecraft:melon_slice":5,"minecraft:iron_boots":1,"minecraft:furnace":1,"minecraft:stick":11,"born_in_chaos_v1:shattered_skull":3,"croptopia:cucumber":1,"croptopia:barley_seed":1,"croptopia:rutabaga":1,"minecraft:torch":14,"minecraft:acacia_log":29,"croptopia:olive_seed":2,"minecraft:porkchop":13,"minecraft:cherry_log":2,"minecraft:diorite":1,"croptopia:squash_seed":2,"minecraft:mangrove_stairs":1,"minecraft:rotten_flesh":36,"croptopia:persimmon":7,"gamma_beasts:kiwi":2,"gamma_beasts:coal_nugget":10,"minecraft:obsidian":6,"minecraft:iron_bars":1,"minecraft:cobblestone":37,"croptopia:lettuce_seed":1,"minecraft:birch_log":2,"gamma_beasts:almandine_cobblestone":6,"minecraft:magma_block":68,"minecraft:water_bucket":1,"minecraft:andesite":2,"gamma_beasts:prehnite":1,"minecraft:potato":9,"minecraft:flint":1,"croptopia:celery":1,"minecraft:mangrove_slab":2,"minecraft:dirt":32,"born_in_chaos_v1:marigolds":1,"croptopia:guide":1,"minecraft:bone":42,"minecraft:acacia_planks":4,"croptopia:sweetpotato":1,"minecraft:bow":1,"minecraft:wheat_seeds":158,"minecraft:raw_gold":2,"minecraft:diamond_helmet":1,"minecraft:oak_planks":2,"croptopia:chile_pepper_seed":4,"croptopia:mustard":1,"croptopia:melon_juice":2,"croptopia:celery_seed":1,"minecraft:nether_brick_stairs":2,"minecraft:shulker_box":7,"minecraft:dark_oak_log":2,"croptopia:chile_pepper":4,"minecraft:diamond":3,"minecraft:deepslate_gold_ore":192,"minecraft:emerald":1,"minecraft:granite":1,"minecraft:bone_meal":1,"minecraft:golden_apple":132,"minecraft:bread":24,"minecraft:oak_sapling":7,"born_in_chaos_v1:rotten_fish":2,"minecraft:netherrack":1645,"minecraft:diamond_pickaxe":3,"croptopia:toast":7,"gamma_beasts:prehnite_armor_chestplate":1,"born_in_chaos_v1:river_mint":1,"croptopia:sweetpotato_seed":4,"minecraft:wooden_pickaxe":1,"minecraft:gold_block":1,"gravestone:obituary":12,"minecraft:shield":1,"minecraft:iron_axe":1,"minecraft:iron_shovel":1,"minecraft:item_frame":1,"minecraft:blackstone":4,"croptopia:pear":3,"moonsweaponry:diamond_greatsword":1,"gamma_beasts:red_maple_log":4,"minecraft:poppy":1,"minecraft:birch_sapling":2,"minecraft:egg":3,"minecraft:raw_iron":47,"minecraft:polished_deepslate_slab":1,"croptopia:greenbean_seed":2,"vct:acacia_crafting_table":13,"minecraft:bowl":2,"born_in_chaos_v1:pieceofdarkmetal":2,"minecraft:carrot":22,"minecraft:tnt":1,"croptopia:grape":1,"minecraft:arrow":69,"croptopia:cantaloupe_seed":2,"minecraft:diamond_chestplate":1,"minecraft:beetroot_seeds":7,"minecraft:diamond_boots":1,"minecraft:hay_block":54,"minecraft:yellow_terracotta":3,"born_in_chaos_v1:spiny_shell":3,"minecraft:glistering_melon_slice":5,"minecraft:gold_ingot":15,"minecraft:mutton":6,"minecraft:white_wool":3,"born_in_chaos_v1:corpse_maggot":8,"minecraft:jungle_boat":2,"born_in_chaos_v1:monster_flesh":1,"minecraft:glow_ink_sac":2,"minecraft:salmon":1,"minecraft:leather":3,"gamma_beasts:bird_thigh":2,"minecraft:oak_log":3,"minecraft:ancient_debris":19,"minecraft:gunpowder":1,"croptopia:taco":1,"minecraft:orange_terracotta":1,"minecraft:cooked_mutton":192,"croptopia:olive":1,"minecraft:red_nether_brick_stairs":1,"minecraft:apple":16,"croptopia:barley":1,"minecraft:gray_carpet":1,"minecraft:kelp":1,"vct:dark_oak_crafting_table":1,"gamma_beasts:meat":6,"croptopia:squash":1,"gamma_beasts:book":1,"minecraft:iron_ingot":17,"minecraft:glass_bottle":3,"minecraft:acacia_sapling":5,"minecraft:book":26,"minecraft:quartz":11,"born_in_chaos_v1:ethereal_spirit":8,"minecraft:dandelion":2,"croptopia:cucumber_seed":2,"minecraft:gravel":177,"minecraft:amethyst_shard":4,"croptopia:rutabaga_seed":2,"minecraft:white_bed":2,"minecraft:spruce_log":1,"minecraft:gold_ore":256,"minecraft:spider_eye":3,"moonsweaponry:diamond_halberd":1,"minecraft:iron_helmet":2,"minecraft:painting":1,"minecraft:diamond_axe":1,"croptopia:greenbean":1,"minecraft:acacia_slab":1,"minecraft:melon_seeds":2,"gamma_beasts:red_maple_wood":6,"minecraft:coal":56},"minecraft:used":{"moonsweaponry:diamond_greatsword":67,"minecraft:iron_shovel":6,"minecraft:shield":88,"minecraft:mutton":6,"croptopia:taco":1,"minecraft:carrot":16,"born_in_chaos_v1:corpse_maggot":1,"minecraft:mangrove_stairs":1,"minecraft:magma_block":1,"minecraft:bow":29,"minecraft:hay_block":10,"gamma_beasts:red_maple_planks":4,"minecraft:furnace":2,"minecraft:mangrove_slab":2,"minecraft:egg":1,"croptopia:pear":3,"minecraft:diorite":1,"minecraft:stone_pickaxe":14,"minecraft:oak_planks":6,"minecraft:blackstone":2,"minecraft:wooden_pickaxe":40,"minecraft:diamond_axe":62,"minecraft:white_wool":3,"minecraft:golden_apple":9,"croptopia:rutabaga":1,"minecraft:yellow_terracotta":3,"minecraft:mushroom_stew":2,"minecraft:bread":90,"minecraft:gravel":1,"minecraft:diamond_sword":6,"born_in_chaos_v1:rotten_fish":2,"minecraft:andesite":1,"minecraft:acacia_log":2,"minecraft:flint_and_steel":1,"vct:dark_oak_crafting_table":2,"minecraft:netherrack":298,"minecraft:torch":15,"minecraft:dirt":29,"minecraft:shulker_box":6,"croptopia:melon_juice":4,"minecraft:iron_axe":5,"minecraft:oak_stairs":3,"croptopia:persimmon":2,"minecraft:cobbled_deepslate":34,"minecraft:acacia_planks":41,"minecraft:orange_terracotta":1,"croptopia:grape":1,"minecraft:cooked_mutton":130,"minecraft:acacia_boat":1,"minecraft:water_bucket":11,"croptopia:celery":1,"vct:acacia_crafting_table":15,"minecraft:tnt":1,"minecraft:painting":1,"minecraft:cake":1,"moonsweaponry:diamond_halberd":263,"minecraft:diamond_pickaxe":493,"minecraft:iron_pickaxe":103,"minecraft:stone_axe":184,"minecraft:cobblestone":17,"minecraft:bucket":10},"minecraft:custom":{"minecraft:interact_with_crafting_table":36,"minecraft:open_barrel":17,"minecraft:open_shulker_box":12,"minecraft:eat_cake_slice":2,"minecraft:leave_game":3,"minecraft:time_since_death":620,"minecraft:sprint_one_cm":827376,"minecraft:damage_blocked_by_shield":4970,"minecraft:drop":313,"minecraft:play_noteblock":2,"minecraft:talked_to_villager":4,"minecraft:play_time":251954,"minecraft:deaths":15,"minecraft:jump":7306,"minecraft:interact_with_brewingstand":1,"minecraft:walk_on_water_one_cm":34973,"minecraft:interact_with_furnace":5,"minecraft:sleep_in_bed":1,"minecraft:waystone_activated":1,"minecraft:damage_dealt":21728,"minecraft:player_kills":2,"minecraft:crouch_one_cm":87129,"minecraft:interact_with_smoker":1,"minecraft:interact_with_anvil":1,"minecraft:mob_kills":94,"minecraft:damage_dealt_resisted":1726,"minecraft:climb_one_cm":708,"minecraft:walk_one_cm":440703,"minecraft:sneak_time":30075,"minecraft:walk_under_water_one_cm":28755,"minecraft:boat_one_cm":10485,"minecraft:interact_with_lectern":1,"minecraft:interact_with_blast_furnace":5,"minecraft:total_world_time":251954,"minecraft:tune_noteblock":3,"minecraft:time_since_rest":688,"minecraft:damage_taken":18665,"minecraft:damage_absorbed":310,"minecraft:swim_one_cm":150280,"minecraft:fly_one_cm":1620322,"minecraft:open_chest":18,"minecraft:fall_one_cm":238481}},"DataVersion":3465}