{"stats":{"minecraft:killed":{"minecraft:pig":12,"minecraft:zombie_villager":1,"minecraft:salmon":7,"minecraft:skeleton":3,"minecraft:zombie":3,"minecraft:chicken":3,"minecraft:cow":2},"minecraft:dropped":{"minecraft:gravel":9,"minecraft:brown_mushroom":1,"minecraft:wheat_seeds":1,"minecraft:diamond":48,"minecraft:wheat":1,"minecraft:stone_shovel":1,"minecraft:feather":5,"minecraft:red_mushroom":3,"minecraft:stick":1,"minecraft:filled_map":1,"minecraft:gunpowder":1,"minecraft:iron_chestplate":1,"minecraft:oak_sapling":8,"minecraft:potion":1,"minecraft:sandstone":2,"minecraft:stone_pickaxe":1,"minecraft:sand":182,"minecraft:wooden_pickaxe":2},"minecraft:crafted":{"minecraft:oak_planks":16,"minecraft:stone_shovel":4,"minecraft:cooked_porkchop":5,"minecraft:crafting_table":4,"minecraft:spruce_planks":92,"minecraft:wooden_pickaxe":2,"minecraft:baked_potato":5,"minecraft:bowl":8,"minecraft:furnace":3,"minecraft:cooked_salmon":2,"minecraft:mushroom_stew":10,"minecraft:bone_meal":12,"minecraft:stone_axe":2,"minecraft:bread":10,"minecraft:air":0,"minecraft:iron_chestplate":1,"minecraft:shield":1,"minecraft:stick":48,"minecraft:iron_pickaxe":1,"minecraft:stone_pickaxe":2,"minecraft:spruce_boat":1,"minecraft:torch":92},"minecraft:custom":{"minecraft:interact_with_furnace":21,"minecraft:mob_kills":31,"minecraft:interact_with_crafting_table":24,"minecraft:time_since_death":519,"minecraft:damage_resisted":116,"minecraft:time_since_rest":553,"minecraft:sprint_one_cm":322610,"minecraft:damage_absorbed":160,"minecraft:damage_taken":2258,"minecraft:walk_one_cm":187055,"minecraft:drop":28,"minecraft:damage_dealt":4365,"minecraft:swim_one_cm":51952,"minecraft:fly_one_cm":654768,"minecraft:player_kills":2,"minecraft:open_chest":8,"minecraft:crouch_one_cm":23781,"minecraft:play_time":102080,"minecraft:deaths":4,"minecraft:sneak_time":12208,"minecraft:walk_under_water_one_cm":58397,"minecraft:boat_one_cm":189275,"minecraft:jump":2796,"minecraft:walk_on_water_one_cm":32638,"minecraft:total_world_time":102080,"minecraft:fall_one_cm":78390},"minecraft:mined":{"minecraft:oak_sapling":1,"minecraft:brown_mushroom":11,"minecraft:crafting_table":7,"minecraft:grass_block":3,"minecraft:tall_grass":9,"minecraft:spruce_leaves":36,"minecraft:sandstone":6,"minecraft:furnace":1,"minecraft:iron_ore":7,"minecraft:ice":1,"minecraft:spruce_log":28,"minecraft:andesite":3,"minecraft:birch_leaves":1,"minecraft:grass":68,"minecraft:sculk_shrieker":3,"minecraft:coal_ore":40,"minecraft:oak_log":21,"minecraft:mycelium":1,"minecraft:dirt":2,"minecraft:gravel":11,"minecraft:sand":526,"minecraft:packed_ice":13,"minecraft:red_mushroom_block":56,"minecraft:stone":59,"minecraft:oak_leaves":180},"minecraft:killed_by":{"minecraft:player":1,"minecraft:skeleton":1,"minecraft:creeper":1},"minecraft:broken":{"minecraft:stone_shovel":3},"minecraft:used":{"minecraft:rabbit":1,"minecraft:stone_shovel":519,"minecraft:stone_pickaxe":44,"minecraft:spruce_planks":11,"minecraft:wooden_pickaxe":54,"minecraft:cooked_salmon":6,"minecraft:torch":4,"minecraft:dirt":24,"minecraft:sand":59,"minecraft:crafting_table":9,"minecraft:mushroom_stew":10,"minecraft:snowball":14,"minecraft:spruce_boat":1,"minecraft:bread":9,"minecraft:iron_pickaxe":29,"minecraft:spruce_sapling":1,"minecraft:stone_axe":123,"minecraft:oak_sapling":2,"minecraft:furnace":3,"minecraft:cooked_porkchop":2,"minecraft:potato":1,"minecraft:enchanted_golden_apple":1,"minecraft:bone_meal":12},"minecraft:picked_up":{"minecraft:crafting_table":8,"minecraft:feather":5,"minecraft:chicken":3,"minecraft:andesite":3,"minecraft:salmon":7,"minecraft:leather":1,"minecraft:brown_mushroom":11,"minecraft:red_mushroom":13,"minecraft:diamond_horse_armor":1,"minecraft:flint":2,"minecraft:oak_log":27,"minecraft:gunpowder":2,"minecraft:dirt":32,"minecraft:bone":4,"minecraft:wheat_seeds":4,"minecraft:raw_gold":7,"minecraft:spruce_planks":28,"minecraft:beef":4,"minecraft:cooked_chicken":3,"minecraft:rabbit":1,"minecraft:enchanted_golden_apple":2,"minecraft:furnace":5,"minecraft:raw_iron":19,"minecraft:stick":6,"minecraft:sandstone":6,"minecraft:cooked_porkchop":7,"minecraft:torch":9,"minecraft:gravel":9,"minecraft:porkchop":26,"minecraft:sand":441,"minecraft:spruce_sapling":1,"minecraft:spruce_log":32,"minecraft:diamond":48,"minecraft:spruce_boat":1,"minecraft:rotten_flesh":3,"minecraft:saddle":1,"minecraft:emerald":8,"minecraft:oak_sapling":10,"minecraft:coal":61,"minecraft:snowball":37,"minecraft:cobblestone":60}},"DataVersion":3465}