{"stats":{"minecraft:killed":{"minecraft:pig":12,"minecraft:zombie_villager":1,"minecraft:salmon":7,"minecraft:skeleton":3,"minecraft:zombie":3,"minecraft:chicken":3},"minecraft:dropped":{"minecraft:gravel":9,"minecraft:brown_mushroom":1,"minecraft:wheat_seeds":1,"minecraft:wheat":1,"minecraft:stone_shovel":1,"minecraft:feather":5,"minecraft:red_mushroom":3,"minecraft:filled_map":1,"minecraft:gunpowder":1,"minecraft:oak_sapling":8,"minecraft:potion":1,"minecraft:sandstone":2,"minecraft:stone_pickaxe":1,"minecraft:sand":180,"minecraft:wooden_pickaxe":2},"minecraft:crafted":{"minecraft:oak_planks":16,"minecraft:stone_shovel":4,"minecraft:crafting_table":4,"minecraft:spruce_planks":92,"minecraft:wooden_pickaxe":2,"minecraft:baked_potato":5,"minecraft:bowl":8,"minecraft:furnace":1,"minecraft:cooked_salmon":2,"minecraft:mushroom_stew":10,"minecraft:stone_axe":2,"minecraft:bread":10,"minecraft:air":0,"minecraft:iron_chestplate":1,"minecraft:shield":1,"minecraft:stick":48,"minecraft:iron_pickaxe":1,"minecraft:stone_pickaxe":2,"minecraft:spruce_boat":1,"minecraft:torch":92},"minecraft:custom":{"minecraft:interact_with_furnace":6,"minecraft:mob_kills":29,"minecraft:interact_with_crafting_table":22,"minecraft:time_since_death":52698,"minecraft:damage_resisted":116,"minecraft:time_since_rest":52730,"minecraft:sprint_one_cm":277051,"minecraft:damage_absorbed":160,"minecraft:damage_taken":2038,"minecraft:walk_one_cm":168888,"minecraft:drop":24,"minecraft:damage_dealt":3670,"minecraft:swim_one_cm":49974,"minecraft:fly_one_cm":557515,"minecraft:player_kills":1,"minecraft:open_chest":8,"minecraft:crouch_one_cm":23670,"minecraft:play_time":90080,"minecraft:deaths":3,"minecraft:sneak_time":11901,"minecraft:walk_under_water_one_cm":57098,"minecraft:boat_one_cm":189275,"minecraft:jump":2389,"minecraft:walk_on_water_one_cm":32081,"minecraft:total_world_time":90080,"minecraft:fall_one_cm":65289},"minecraft:mined":{"minecraft:oak_sapling":1,"minecraft:brown_mushroom":11,"minecraft:crafting_table":7,"minecraft:grass_block":3,"minecraft:spruce_leaves":36,"minecraft:sandstone":6,"minecraft:furnace":1,"minecraft:iron_ore":7,"minecraft:ice":1,"minecraft:spruce_log":28,"minecraft:andesite":3,"minecraft:birch_leaves":1,"minecraft:grass":51,"minecraft:sculk_shrieker":3,"minecraft:coal_ore":40,"minecraft:oak_log":4,"minecraft:mycelium":1,"minecraft:dirt":2,"minecraft:gravel":11,"minecraft:sand":524,"minecraft:packed_ice":13,"minecraft:red_mushroom_block":56,"minecraft:stone":59,"minecraft:oak_leaves":176},"minecraft:killed_by":{"minecraft:player":1,"minecraft:creeper":1},"minecraft:broken":{"minecraft:stone_shovel":3},"minecraft:used":{"minecraft:rabbit":1,"minecraft:stone_shovel":519,"minecraft:stone_pickaxe":44,"minecraft:spruce_planks":11,"minecraft:wooden_pickaxe":54,"minecraft:cooked_salmon":6,"minecraft:torch":4,"minecraft:dirt":24,"minecraft:sand":31,"minecraft:crafting_table":8,"minecraft:mushroom_stew":10,"minecraft:snowball":14,"minecraft:spruce_boat":1,"minecraft:bread":9,"minecraft:iron_pickaxe":29,"minecraft:spruce_sapling":1,"minecraft:stone_axe":70,"minecraft:oak_sapling":2,"minecraft:furnace":1,"minecraft:potato":1,"minecraft:enchanted_golden_apple":1},"minecraft:picked_up":{"minecraft:crafting_table":7,"minecraft:feather":5,"minecraft:chicken":3,"minecraft:andesite":3,"minecraft:salmon":7,"minecraft:brown_mushroom":11,"minecraft:red_mushroom":13,"minecraft:flint":2,"minecraft:oak_log":4,"minecraft:gunpowder":2,"minecraft:dirt":32,"minecraft:bone":4,"minecraft:wheat_seeds":2,"minecraft:spruce_planks":28,"minecraft:rabbit":1,"minecraft:enchanted_golden_apple":2,"minecraft:furnace":1,"minecraft:raw_iron":7,"minecraft:stick":6,"minecraft:sandstone":6,"minecraft:gravel":9,"minecraft:porkchop":19,"minecraft:sand":439,"minecraft:spruce_sapling":1,"minecraft:spruce_log":32,"minecraft:spruce_boat":1,"minecraft:rotten_flesh":3,"minecraft:oak_sapling":10,"minecraft:coal":61,"minecraft:snowball":37,"minecraft:cobblestone":60}},"DataVersion":3465}