{"stats":{"minecraft:dropped":{"minecraft:wheat_seeds":1,"minecraft:gunpowder":1},"minecraft:crafted":{"minecraft:crafting_table":2,"minecraft:stick":8,"minecraft:spruce_planks":64,"minecraft:wooden_pickaxe":1,"minecraft:stone_axe":1},"minecraft:custom":{"minecraft:time_since_rest":9931,"minecraft:sprint_one_cm":52848,"minecraft:walk_one_cm":84597,"minecraft:damage_taken":912,"minecraft:damage_absorbed":160,"minecraft:drop":2,"minecraft:damage_dealt":424,"minecraft:interact_with_crafting_table":2,"minecraft:swim_one_cm":1268,"minecraft:player_kills":1,"minecraft:fly_one_cm":170293,"minecraft:open_chest":1,"minecraft:crouch_one_cm":9013,"minecraft:play_time":24080,"minecraft:deaths":2,"minecraft:sneak_time":2819,"minecraft:walk_under_water_one_cm":14423,"minecraft:jump":682,"minecraft:walk_on_water_one_cm":3478,"minecraft:time_since_death":9898,"minecraft:total_world_time":24080,"minecraft:damage_resisted":116,"minecraft:fall_one_cm":18230},"minecraft:mined":{"minecraft:spruce_log":21,"minecraft:birch_leaves":1,"minecraft:grass":12,"minecraft:grass_block":2,"minecraft:dirt":1,"minecraft:packed_ice":11,"minecraft:spruce_leaves":30,"minecraft:stone":17,"minecraft:oak_leaves":167},"minecraft:killed_by":{"minecraft:player":1,"minecraft:creeper":1},"minecraft:used":{"minecraft:spruce_planks":11,"minecraft:wooden_pickaxe":18,"minecraft:spruce_sapling":1,"minecraft:dirt":3,"minecraft:crafting_table":1,"minecraft:snowball":8,"minecraft:enchanted_golden_apple":1},"minecraft:picked_up":{"minecraft:stick":6,"minecraft:spruce_sapling":1,"minecraft:spruce_log":21,"minecraft:gunpowder":1,"minecraft:dirt":19,"minecraft:wheat_seeds":1,"minecraft:spruce_planks":28,"minecraft:enchanted_golden_apple":2,"minecraft:oak_sapling":8,"minecraft:snowball":21,"minecraft:cobblestone":17}},"DataVersion":3465}