{"stats":{"minecraft:killed":{"minecraft:salmon":2,"minecraft:zombie":2},"minecraft:dropped":{"minecraft:gravel":9,"minecraft:brown_mushroom":1,"minecraft:wheat_seeds":1,"minecraft:wheat":1,"minecraft:red_mushroom":3,"minecraft:gunpowder":1,"minecraft:oak_sapling":8,"minecraft:sand":4,"minecraft:wooden_pickaxe":2},"minecraft:crafted":{"minecraft:oak_planks":16,"minecraft:stone_shovel":2,"minecraft:crafting_table":4,"minecraft:spruce_planks":92,"minecraft:wooden_pickaxe":2,"minecraft:baked_potato":5,"minecraft:bowl":8,"minecraft:furnace":1,"minecraft:cooked_salmon":2,"minecraft:mushroom_stew":10,"minecraft:stone_axe":2,"minecraft:bread":10,"minecraft:air":0,"minecraft:stick":24,"minecraft:stone_pickaxe":2,"minecraft:spruce_boat":1},"minecraft:custom":{"minecraft:interact_with_furnace":6,"minecraft:mob_kills":4,"minecraft:interact_with_crafting_table":18,"minecraft:time_since_death":22698,"minecraft:damage_resisted":116,"minecraft:time_since_rest":22730,"minecraft:sprint_one_cm":149248,"minecraft:damage_absorbed":160,"minecraft:damage_taken":1416,"minecraft:walk_one_cm":126500,"minecraft:drop":15,"minecraft:damage_dealt":1065,"minecraft:swim_one_cm":23988,"minecraft:fly_one_cm":378047,"minecraft:player_kills":1,"minecraft:open_chest":5,"minecraft:crouch_one_cm":14886,"minecraft:play_time":60080,"minecraft:deaths":3,"minecraft:sneak_time":7476,"minecraft:walk_under_water_one_cm":36355,"minecraft:boat_one_cm":189275,"minecraft:jump":1457,"minecraft:walk_on_water_one_cm":19416,"minecraft:total_world_time":60080,"minecraft:fall_one_cm":40122},"minecraft:mined":{"minecraft:oak_sapling":1,"minecraft:brown_mushroom":11,"minecraft:crafting_table":4,"minecraft:grass_block":3,"minecraft:spruce_leaves":36,"minecraft:furnace":1,"minecraft:ice":1,"minecraft:spruce_log":28,"minecraft:birch_leaves":1,"minecraft:grass":47,"minecraft:coal_ore":24,"minecraft:oak_log":4,"minecraft:mycelium":1,"minecraft:dirt":2,"minecraft:gravel":11,"minecraft:sand":203,"minecraft:packed_ice":13,"minecraft:red_mushroom_block":56,"minecraft:stone":56,"minecraft:oak_leaves":170},"minecraft:killed_by":{"minecraft:player":1,"minecraft:creeper":1},"minecraft:broken":{"minecraft:stone_shovel":1},"minecraft:used":{"minecraft:rabbit":1,"minecraft:stone_shovel":200,"minecraft:stone_pickaxe":38,"minecraft:spruce_planks":11,"minecraft:wooden_pickaxe":54,"minecraft:dirt":24,"minecraft:sand":1,"minecraft:crafting_table":6,"minecraft:mushroom_stew":4,"minecraft:snowball":14,"minecraft:spruce_boat":1,"minecraft:bread":9,"minecraft:spruce_sapling":1,"minecraft:stone_axe":24,"minecraft:oak_sapling":2,"minecraft:furnace":1,"minecraft:potato":1,"minecraft:enchanted_golden_apple":1},"minecraft:picked_up":{"minecraft:crafting_table":5,"minecraft:salmon":2,"minecraft:brown_mushroom":11,"minecraft:red_mushroom":13,"minecraft:flint":2,"minecraft:oak_log":4,"minecraft:gunpowder":1,"minecraft:dirt":32,"minecraft:wheat_seeds":2,"minecraft:spruce_planks":28,"minecraft:rabbit":1,"minecraft:enchanted_golden_apple":2,"minecraft:furnace":1,"minecraft:stick":6,"minecraft:gravel":9,"minecraft:sand":169,"minecraft:spruce_sapling":1,"minecraft:spruce_log":32,"minecraft:rotten_flesh":1,"minecraft:oak_sapling":10,"minecraft:coal":45,"minecraft:snowball":37,"minecraft:cobblestone":57}},"DataVersion":3465}