{"stats":{"minecraft:dropped":{"minecraft:wheat_seeds":1},"minecraft:crafted":{"minecraft:crafting_table":1,"minecraft:spruce_planks":28},"minecraft:custom":{"minecraft:time_since_rest":3710,"minecraft:crouch_one_cm":4754,"minecraft:damage_absorbed":160,"minecraft:play_time":12080,"minecraft:sprint_one_cm":23237,"minecraft:deaths":1,"minecraft:damage_taken":600,"minecraft:walk_one_cm":50092,"minecraft:sneak_time":1383,"minecraft:walk_under_water_one_cm":2789,"minecraft:drop":1,"minecraft:jump":360,"minecraft:damage_dealt":340,"minecraft:time_since_death":3656,"minecraft:walk_on_water_one_cm":1030,"minecraft:damage_resisted":83,"minecraft:total_world_time":12080,"minecraft:swim_one_cm":1268,"minecraft:fall_one_cm":8888,"minecraft:fly_one_cm":57265,"minecraft:player_kills":1},"minecraft:mined":{"minecraft:grass":8,"minecraft:packed_ice":10,"minecraft:spruce_leaves":25,"minecraft:spruce_log":7},"minecraft:killed_by":{"minecraft:player":1},"minecraft:used":{"minecraft:spruce_planks":5,"minecraft:enchanted_golden_apple":1},"minecraft:picked_up":{"minecraft:stick":2,"minecraft:wheat_seeds":1,"minecraft:spruce_planks":28,"minecraft:spruce_log":7,"minecraft:enchanted_golden_apple":2}},"DataVersion":3465}