{"stats":{"minecraft:broken":{"minecraft:shield":1,"minecraft:stone_axe":1},"minecraft:killed_by":{"minecraft:player":1},"minecraft:killed":{"born_in_chaos_v1:restless_spirit":3,"born_in_chaos_v1:zombie_lumberjack":3,"minecraft:spider":7,"born_in_chaos_v1:zombie_bruiser":1,"born_in_chaos_v1:baby_skeleton_minion":1,"born_in_chaos_v1:maggot":3,"born_in_chaos_v1:scarlet_persecutor":1,"minecraft:skeleton":6,"born_in_chaos_v1:skeleton_thrasher":2,"born_in_chaos_v1:baby_skeleton":1,"born_in_chaos_v1:swarmer":1,"born_in_chaos_v1:spirit_guide_assistant":1,"born_in_chaos_v1:decrepit_skeleton":9,"minecraft:sheep":3,"gamma_beasts:banndu_c":1,"minecraft:zombie":15,"born_in_chaos_v1:corpse_fly":8,"minecraft:glow_squid":1,"gamma_beasts:sppinto_c":1},"minecraft:mined":{"minecraft:yellow_terracotta":3,"minecraft:waxed_cut_copper_slab":2,"minecraft:white_bed":1,"minecraft:shulker_box":1,"gravestone:gravestone":10,"minecraft:granite":1,"minecraft:acacia_log":22,"minecraft:grass_block":18,"minecraft:acacia_slab":1,"minecraft:hay_block":55,"minecraft:tall_seagrass":4,"minecraft:magma_block":4,"minecraft:furnace":1,"minecraft:carrots":8,"minecraft:iron_ore":22,"minecraft:andesite":1,"minecraft:nether_brick_stairs":2,"minecraft:potatoes":1,"minecraft:polished_deepslate_slab":1,"minecraft:deepslate_iron_ore":16,"minecraft:iron_bars":1,"vct:acacia_crafting_table":7,"minecraft:stone":39,"minecraft:acacia_leaves":16,"minecraft:mangrove_stairs":1,"minecraft:glass_pane":2,"minecraft:orange_terracotta":1,"minecraft:torch":7,"vct:dark_oak_crafting_table":1,"minecraft:tall_grass":20,"minecraft:deepslate_gold_ore":2,"minecraft:diorite":1,"croptopia:olive_crop":1,"minecraft:wall_torch":3,"minecraft:seagrass":1,"minecraft:wheat":16,"croptopia:pear_crop":1,"minecraft:birch_leaves":1,"minecraft:grass":137,"minecraft:mangrove_slab":2,"minecraft:coal_ore":38,"minecraft:oak_log":3,"croptopia:celery_crop":1,"minecraft:beetroots":1,"minecraft:dirt":11,"gamma_beasts:red_maple_log":4,"minecraft:oak_leaves":11,"minecraft:deepslate":3},"minecraft:crafted":{"minecraft:oak_planks":12,"gamma_beasts:red_maple_planks":16,"minecraft:furnace":1,"vct:dark_oak_crafting_table":1,"minecraft:bow":2,"minecraft:stone_pickaxe":1,"minecraft:dark_oak_planks":8,"minecraft:wheat":342,"vct:acacia_crafting_table":3,"minecraft:wooden_pickaxe":1,"minecraft:bucket":1,"minecraft:stone_axe":2,"minecraft:bread":114,"minecraft:air":0,"minecraft:shield":2,"minecraft:stick":20,"minecraft:iron_pickaxe":1,"minecraft:iron_ingot":5,"minecraft:gold_ingot":9,"minecraft:acacia_planks":56,"minecraft:torch":4},"minecraft:used":{"minecraft:acacia_log":2,"minecraft:shield":58,"vct:dark_oak_crafting_table":2,"minecraft:torch":15,"minecraft:dirt":27,"minecraft:mutton":6,"minecraft:carrot":16,"minecraft:shulker_box":1,"born_in_chaos_v1:corpse_maggot":1,"minecraft:mangrove_stairs":1,"minecraft:bow":29,"croptopia:persimmon":2,"minecraft:magma_block":1,"minecraft:hay_block":10,"gamma_beasts:red_maple_planks":4,"minecraft:mangrove_slab":2,"minecraft:furnace":2,"minecraft:acacia_planks":24,"minecraft:cobbled_deepslate":3,"minecraft:orange_terracotta":1,"croptopia:pear":3,"croptopia:grape":1,"minecraft:cooked_mutton":19,"minecraft:water_bucket":7,"minecraft:diorite":1,"croptopia:celery":1,"minecraft:stone_pickaxe":14,"minecraft:oak_planks":3,"minecraft:wooden_pickaxe":40,"minecraft:diamond_axe":4,"minecraft:white_wool":3,"vct:acacia_crafting_table":8,"minecraft:yellow_terracotta":3,"minecraft:mushroom_stew":1,"minecraft:painting":1,"moonsweaponry:diamond_halberd":195,"minecraft:diamond_pickaxe":1,"minecraft:bread":90,"minecraft:iron_pickaxe":103,"minecraft:stone_axe":184,"born_in_chaos_v1:rotten_fish":2,"minecraft:cobblestone":15,"minecraft:bucket":8,"minecraft:andesite":1},"minecraft:dropped":{"minecraft:nether_brick_stairs":2,"minecraft:iron_ingot":1,"minecraft:bread":1,"minecraft:wheat_seeds":53,"minecraft:golden_helmet":1,"minecraft:glow_ink_sac":2,"minecraft:glass_bottle":1,"gamma_beasts:almandine_cobblestone":6,"minecraft:iron_helmet":1,"minecraft:leather":3,"minecraft:granite":1,"croptopia:olive":1,"minecraft:item_frame":1,"minecraft:stick":9,"croptopia:celery_seed":1,"gamma_beasts:red_maple_planks":12,"croptopia:grape_seed":2,"minecraft:torch":1,"minecraft:melon_slice":5,"minecraft:bone_meal":1,"gravestone:obituary":20,"minecraft:string":8,"minecraft:acacia_planks":1,"minecraft:bone":2,"minecraft:dandelion":2,"minecraft:armor_stand":1,"minecraft:waxed_cut_copper_slab":2,"croptopia:olive_seed":2,"minecraft:bowl":2,"minecraft:wheat":11,"born_in_chaos_v1:ethereal_spirit":1,"minecraft:beetroot":1,"minecraft:polished_deepslate_slab":1,"minecraft:rotten_flesh":32,"minecraft:white_bed":1,"minecraft:salmon":1,"minecraft:carrot":10,"minecraft:poppy":1,"minecraft:potato":10,"born_in_chaos_v1:corpse_maggot":2,"minecraft:andesite":1,"minecraft:beetroot_seeds":3,"minecraft:melon_seeds":2,"minecraft:acacia_slab":1,"minecraft:spider_eye":3,"minecraft:iron_bars":1,"minecraft:wooden_pickaxe":2,"minecraft:magma_block":3},"minecraft:custom":{"minecraft:mob_kills":71,"minecraft:interact_with_crafting_table":19,"minecraft:open_barrel":5,"minecraft:open_shulker_box":1,"minecraft:damage_dealt_resisted":1726,"minecraft:leave_game":2,"minecraft:time_since_death":16556,"minecraft:climb_one_cm":16,"minecraft:sprint_one_cm":452165,"minecraft:walk_one_cm":242381,"minecraft:damage_blocked_by_shield":1800,"minecraft:drop":97,"minecraft:talked_to_villager":2,"minecraft:play_time":136495,"minecraft:sneak_time":15136,"minecraft:deaths":11,"minecraft:walk_under_water_one_cm":22154,"minecraft:interact_with_brewingstand":1,"minecraft:jump":3820,"minecraft:walk_on_water_one_cm":25037,"minecraft:total_world_time":136495,"minecraft:interact_with_furnace":5,"minecraft:sleep_in_bed":1,"minecraft:time_since_rest":16582,"minecraft:waystone_activated":1,"minecraft:damage_taken":9337,"minecraft:damage_dealt":15787,"minecraft:swim_one_cm":136506,"minecraft:fly_one_cm":867048,"minecraft:open_chest":10,"minecraft:crouch_one_cm":40249,"minecraft:fall_one_cm":116750},"minecraft:picked_up":{"croptopia:toast":7,"minecraft:iron_chestplate":2,"minecraft:wheat":12,"gamma_beasts:prehnite_armor_chestplate":1,"croptopia:grape_seed":2,"gamma_beasts:fur":9,"minecraft:diamond_sword":1,"minecraft:wooden_pickaxe":1,"minecraft:gold_block":1,"gravestone:obituary":8,"minecraft:shield":1,"minecraft:string":14,"minecraft:waxed_cut_copper_slab":2,"croptopia:cantaloupe":1,"minecraft:iron_axe":1,"minecraft:iron_leggings":1,"minecraft:item_frame":1,"minecraft:armor_stand":1,"minecraft:iron_shovel":1,"croptopia:pear":3,"minecraft:beetroot":1,"minecraft:cobbled_deepslate":33,"gamma_beasts:red_maple_log":4,"minecraft:poppy":1,"minecraft:iron_pickaxe":1,"minecraft:melon_slice":5,"minecraft:furnace":1,"minecraft:iron_boots":1,"minecraft:egg":2,"minecraft:stick":3,"minecraft:raw_iron":45,"minecraft:polished_deepslate_slab":1,"born_in_chaos_v1:shattered_skull":2,"minecraft:bowl":2,"vct:acacia_crafting_table":6,"minecraft:torch":14,"minecraft:acacia_log":20,"minecraft:porkchop":6,"croptopia:olive_seed":2,"minecraft:diorite":1,"born_in_chaos_v1:pieceofdarkmetal":2,"minecraft:carrot":19,"croptopia:grape":1,"croptopia:cantaloupe_seed":2,"minecraft:arrow":69,"minecraft:mangrove_stairs":1,"minecraft:rotten_flesh":32,"croptopia:persimmon":2,"minecraft:beetroot_seeds":3,"minecraft:hay_block":54,"minecraft:yellow_terracotta":3,"gamma_beasts:coal_nugget":10,"minecraft:gold_ingot":15,"minecraft:glistering_melon_slice":5,"minecraft:mutton":6,"minecraft:iron_bars":1,"minecraft:white_wool":3,"minecraft:cobblestone":35,"gamma_beasts:almandine_cobblestone":6,"born_in_chaos_v1:corpse_maggot":3,"minecraft:magma_block":4,"minecraft:glow_ink_sac":2,"minecraft:water_bucket":1,"minecraft:andesite":2,"minecraft:salmon":1,"minecraft:leather":3,"minecraft:potato":3,"minecraft:oak_log":3,"croptopia:celery":1,"minecraft:mangrove_slab":2,"minecraft:dirt":28,"minecraft:orange_terracotta":1,"minecraft:cooked_mutton":192,"croptopia:olive":1,"minecraft:bone":30,"minecraft:apple":1,"vct:dark_oak_crafting_table":1,"minecraft:bow":1,"gamma_beasts:meat":6,"minecraft:wheat_seeds":53,"minecraft:raw_gold":2,"minecraft:iron_ingot":16,"minecraft:glass_bottle":3,"croptopia:melon_juice":2,"born_in_chaos_v1:ethereal_spirit":6,"minecraft:dandelion":2,"croptopia:celery_seed":1,"minecraft:amethyst_shard":4,"minecraft:nether_brick_stairs":2,"minecraft:white_bed":2,"minecraft:dark_oak_log":2,"minecraft:spider_eye":3,"minecraft:shulker_box":2,"moonsweaponry:diamond_halberd":1,"minecraft:diamond":3,"minecraft:iron_helmet":2,"minecraft:diamond_axe":1,"minecraft:granite":1,"minecraft:painting":1,"minecraft:bone_meal":1,"minecraft:golden_apple":1,"minecraft:bread":24,"minecraft:melon_seeds":2,"born_in_chaos_v1:rotten_fish":2,"minecraft:acacia_slab":1,"gamma_beasts:red_maple_wood":6,"minecraft:coal":55,"minecraft:diamond_pickaxe":2}},"DataVersion":3465}