{"stats":{"minecraft:crafted":{"gamma_beasts:red_maple_planks":16,"minecraft:furnace":1,"minecraft:bow":1,"minecraft:stone_pickaxe":1,"minecraft:wheat":342,"vct:acacia_crafting_table":2,"minecraft:wooden_pickaxe":1,"minecraft:stone_axe":2,"minecraft:bread":85,"minecraft:air":0,"minecraft:shield":1,"minecraft:stick":12,"minecraft:iron_ingot":5,"minecraft:iron_pickaxe":1,"minecraft:acacia_planks":48},"minecraft:killed":{"born_in_chaos_v1:restless_spirit":1,"minecraft:spider":4,"minecraft:skeleton":1,"born_in_chaos_v1:baby_skeleton":1,"minecraft:sheep":3,"minecraft:zombie":3,"born_in_chaos_v1:corpse_fly":1},"minecraft:picked_up":{"minecraft:iron_chestplate":1,"minecraft:wheat":10,"croptopia:grape_seed":2,"minecraft:wooden_pickaxe":1,"gravestone:obituary":3,"minecraft:string":4,"croptopia:cantaloupe":1,"minecraft:waxed_cut_copper_slab":2,"minecraft:item_frame":1,"croptopia:pear":3,"minecraft:beetroot":1,"gamma_beasts:red_maple_log":4,"minecraft:furnace":1,"minecraft:raw_iron":5,"minecraft:polished_deepslate_slab":1,"minecraft:acacia_log":16,"minecraft:torch":2,"vct:acacia_crafting_table":5,"croptopia:olive_seed":2,"minecraft:carrot":19,"croptopia:grape":1,"croptopia:cantaloupe_seed":2,"minecraft:arrow":2,"minecraft:mangrove_stairs":1,"minecraft:rotten_flesh":6,"croptopia:persimmon":2,"minecraft:beetroot_seeds":3,"minecraft:hay_block":54,"minecraft:mutton":6,"minecraft:iron_bars":1,"minecraft:white_wool":3,"minecraft:cobblestone":31,"born_in_chaos_v1:corpse_maggot":1,"minecraft:magma_block":4,"minecraft:salmon":1,"minecraft:andesite":1,"minecraft:leather":3,"minecraft:potato":3,"croptopia:celery":1,"minecraft:mangrove_slab":2,"minecraft:dirt":11,"croptopia:olive":1,"minecraft:bone":2,"minecraft:wheat_seeds":36,"minecraft:iron_ingot":1,"born_in_chaos_v1:ethereal_spirit":1,"croptopia:celery_seed":1,"minecraft:nether_brick_stairs":2,"minecraft:white_bed":2,"minecraft:spider_eye":3,"minecraft:painting":1,"minecraft:bone_meal":1,"minecraft:golden_apple":1,"minecraft:bread":23,"born_in_chaos_v1:rotten_fish":2,"minecraft:acacia_slab":1,"minecraft:coal":1},"minecraft:custom":{"minecraft:mob_kills":14,"minecraft:interact_with_crafting_table":12,"minecraft:open_barrel":5,"minecraft:damage_dealt_resisted":5,"minecraft:leave_game":1,"minecraft:time_since_death":16704,"minecraft:climb_one_cm":16,"minecraft:sprint_one_cm":220907,"minecraft:walk_one_cm":95810,"minecraft:damage_blocked_by_shield":270,"minecraft:drop":47,"minecraft:sneak_time":8268,"minecraft:play_time":64698,"minecraft:deaths":4,"minecraft:walk_under_water_one_cm":15426,"minecraft:interact_with_brewingstand":1,"minecraft:jump":1767,"minecraft:walk_on_water_one_cm":11869,"minecraft:total_world_time":64698,"minecraft:interact_with_furnace":4,"minecraft:sleep_in_bed":1,"minecraft:time_since_rest":16734,"minecraft:waystone_activated":1,"minecraft:damage_taken":3224,"minecraft:damage_dealt":3266,"minecraft:swim_one_cm":120029,"minecraft:fly_one_cm":468105,"minecraft:open_chest":6,"minecraft:crouch_one_cm":23703,"minecraft:fall_one_cm":43670},"minecraft:mined":{"minecraft:waxed_cut_copper_slab":2,"minecraft:white_bed":1,"gravestone:gravestone":4,"minecraft:acacia_log":18,"minecraft:grass_block":5,"minecraft:acacia_slab":1,"minecraft:hay_block":55,"minecraft:tall_seagrass":4,"minecraft:magma_block":4,"minecraft:furnace":1,"minecraft:carrots":8,"minecraft:iron_ore":6,"minecraft:andesite":1,"minecraft:nether_brick_stairs":2,"minecraft:potatoes":1,"minecraft:polished_deepslate_slab":1,"minecraft:iron_bars":1,"vct:acacia_crafting_table":5,"minecraft:stone":31,"minecraft:mangrove_stairs":1,"minecraft:torch":1,"minecraft:tall_grass":15,"croptopia:olive_crop":1,"minecraft:wall_torch":1,"minecraft:seagrass":1,"minecraft:wheat":12,"croptopia:pear_crop":1,"minecraft:birch_leaves":1,"minecraft:grass":85,"minecraft:mangrove_slab":2,"minecraft:coal_ore":1,"croptopia:celery_crop":1,"minecraft:beetroots":1,"minecraft:dirt":7,"gamma_beasts:red_maple_log":4,"minecraft:oak_leaves":5},"minecraft:dropped":{"minecraft:nether_brick_stairs":2,"minecraft:iron_ingot":1,"minecraft:wheat_seeds":36,"minecraft:leather":3,"croptopia:olive":1,"croptopia:celery_seed":1,"gamma_beasts:red_maple_planks":12,"croptopia:grape_seed":2,"gravestone:obituary":8,"minecraft:bone_meal":1,"minecraft:string":1,"minecraft:acacia_planks":1,"minecraft:bone":2,"minecraft:waxed_cut_copper_slab":2,"croptopia:olive_seed":2,"minecraft:wheat":9,"born_in_chaos_v1:ethereal_spirit":1,"minecraft:beetroot":1,"minecraft:polished_deepslate_slab":1,"minecraft:rotten_flesh":5,"minecraft:white_bed":1,"minecraft:salmon":1,"minecraft:carrot":10,"minecraft:potato":10,"minecraft:andesite":1,"minecraft:beetroot_seeds":3,"minecraft:acacia_slab":1,"minecraft:spider_eye":3,"minecraft:iron_bars":1,"minecraft:wooden_pickaxe":2,"minecraft:magma_block":3},"minecraft:used":{"minecraft:shield":14,"minecraft:dirt":11,"minecraft:carrot":16,"born_in_chaos_v1:corpse_maggot":1,"minecraft:mangrove_stairs":1,"minecraft:bow":2,"croptopia:persimmon":2,"minecraft:magma_block":1,"minecraft:hay_block":1,"gamma_beasts:red_maple_planks":4,"minecraft:furnace":1,"minecraft:mangrove_slab":2,"minecraft:acacia_planks":24,"croptopia:pear":3,"croptopia:grape":1,"croptopia:celery":1,"minecraft:stone_pickaxe":14,"minecraft:wooden_pickaxe":40,"vct:acacia_crafting_table":6,"minecraft:mushroom_stew":1,"minecraft:painting":1,"minecraft:bread":33,"minecraft:iron_pickaxe":7,"minecraft:stone_axe":91,"minecraft:cobblestone":14,"born_in_chaos_v1:rotten_fish":2}},"DataVersion":3465}