{"stats":{"minecraft:killed":{"minecraft:cow":1},"minecraft:dropped":{"minecraft:dirt":7,"minecraft:enchanted_golden_apple":1},"minecraft:crafted":{"minecraft:crafting_table":2,"minecraft:spruce_planks":24,"minecraft:stick":8,"minecraft:iron_pickaxe":1,"minecraft:wooden_pickaxe":1,"minecraft:stone_pickaxe":1,"minecraft:wooden_axe":1,"minecraft:spruce_boat":1,"minecraft:bucket":1},"minecraft:custom":{"minecraft:time_since_rest":10833,"minecraft:sprint_one_cm":31340,"minecraft:damage_taken":345,"minecraft:walk_one_cm":87060,"minecraft:mob_kills":1,"minecraft:drop":8,"minecraft:damage_dealt":174,"minecraft:swim_one_cm":882,"minecraft:interact_with_crafting_table":5,"minecraft:fly_one_cm":111668,"minecraft:open_chest":3,"minecraft:crouch_one_cm":38768,"minecraft:play_time":35812,"minecraft:deaths":1,"minecraft:sneak_time":10328,"minecraft:walk_under_water_one_cm":6928,"minecraft:boat_one_cm":52858,"minecraft:jump":751,"minecraft:leave_game":3,"minecraft:time_since_death":10796,"minecraft:walk_on_water_one_cm":5884,"minecraft:total_world_time":35812,"minecraft:damage_resisted":2,"minecraft:fall_one_cm":20315},"minecraft:mined":{"minecraft:spruce_planks":2,"minecraft:jungle_slab":4,"minecraft:spruce_log":11,"minecraft:powder_snow":1,"minecraft:crafting_table":4,"minecraft:grass":1,"minecraft:oak_log":7,"minecraft:grass_block":1,"minecraft:coal_ore":20,"minecraft:gravel":11,"minecraft:dirt":7,"minecraft:cobblestone":2,"minecraft:spruce_leaves":5,"minecraft:stone":29,"minecraft:sugar_cane":2},"minecraft:picked_up":{"minecraft:stick":2,"minecraft:crafting_table":3,"minecraft:gravel":10,"minecraft:flint":1,"minecraft:oak_log":7,"minecraft:spruce_log":11,"minecraft:jungle_slab":4,"minecraft:dirt":21,"minecraft:spruce_boat":1,"minecraft:spruce_planks":2,"minecraft:beef":1,"minecraft:enchanted_golden_apple":2,"minecraft:sugar_cane":11,"minecraft:coal":20,"minecraft:snowball":55,"minecraft:cobblestone":29},"minecraft:used":{"minecraft:spruce_boat":1,"minecraft:wooden_axe":36,"minecraft:water_bucket":2,"minecraft:lava_bucket":1,"minecraft:stone_pickaxe":37,"minecraft:iron_pickaxe":2,"minecraft:spruce_planks":1,"minecraft:wooden_pickaxe":12,"minecraft:dirt":14,"minecraft:cobblestone":25,"minecraft:crafting_table":5,"minecraft:bucket":4,"minecraft:snowball":55,"minecraft:enchanted_golden_apple":1}},"DataVersion":3465}