{"stats":{"minecraft:killed":{"minecraft:cow":1},"minecraft:dropped":{"minecraft:enchanted_golden_apple":1,"minecraft:dirt":7,"minecraft:netherrack":4},"minecraft:crafted":{"minecraft:cooked_beef":1,"minecraft:oak_planks":28,"minecraft:crafting_table":2,"minecraft:spruce_planks":44,"minecraft:wooden_pickaxe":1,"minecraft:furnace":2,"minecraft:bucket":1,"minecraft:air":0,"minecraft:flint_and_steel":1,"minecraft:iron_chestplate":1,"minecraft:shield":1,"minecraft:iron_axe":1,"minecraft:stick":12,"minecraft:iron_ingot":18,"minecraft:iron_pickaxe":1,"minecraft:stone_pickaxe":1,"minecraft:wooden_axe":1,"minecraft:spruce_boat":1,"minecraft:torch":8},"minecraft:custom":{"minecraft:interact_with_furnace":11,"minecraft:mob_kills":1,"minecraft:interact_with_crafting_table":11,"minecraft:leave_game":3,"minecraft:time_since_death":22796,"minecraft:damage_resisted":2,"minecraft:time_since_rest":22833,"minecraft:sprint_one_cm":41496,"minecraft:damage_taken":345,"minecraft:walk_one_cm":104579,"minecraft:drop":9,"minecraft:damage_dealt":174,"minecraft:swim_one_cm":882,"minecraft:fly_one_cm":113687,"minecraft:open_chest":3,"minecraft:crouch_one_cm":47729,"minecraft:play_time":47812,"minecraft:deaths":1,"minecraft:sneak_time":13067,"minecraft:walk_under_water_one_cm":7483,"minecraft:boat_one_cm":52858,"minecraft:jump":798,"minecraft:walk_on_water_one_cm":6514,"minecraft:total_world_time":47812,"minecraft:fall_one_cm":20793},"minecraft:mined":{"minecraft:diamond_ore":3,"minecraft:spruce_planks":2,"minecraft:jungle_slab":4,"minecraft:powder_snow":1,"minecraft:crafting_table":7,"minecraft:grass_block":2,"minecraft:cobblestone":20,"minecraft:spruce_leaves":5,"minecraft:lapis_ore":1,"minecraft:sugar_cane":2,"minecraft:diorite":11,"minecraft:wall_torch":6,"minecraft:furnace":4,"minecraft:iron_ore":18,"minecraft:fire":1,"minecraft:spruce_log":11,"minecraft:andesite":12,"minecraft:grass":1,"minecraft:coal_ore":20,"minecraft:oak_log":7,"minecraft:gravel":12,"minecraft:dirt":17,"minecraft:stone":117,"minecraft:netherrack":4,"minecraft:deepslate":4},"minecraft:used":{"minecraft:water_bucket":5,"minecraft:flint_and_steel":1,"minecraft:stone_pickaxe":37,"minecraft:oak_planks":4,"minecraft:spruce_planks":1,"minecraft:wooden_pickaxe":12,"minecraft:torch":7,"minecraft:dirt":16,"minecraft:crafting_table":7,"minecraft:snowball":55,"minecraft:spruce_boat":1,"minecraft:wooden_axe":37,"minecraft:lava_bucket":10,"minecraft:iron_axe":3,"minecraft:iron_pickaxe":180,"minecraft:cobblestone":31,"minecraft:furnace":4,"minecraft:bucket":16,"minecraft:cooked_beef":1,"minecraft:enchanted_golden_apple":1},"minecraft:picked_up":{"minecraft:crafting_table":6,"minecraft:andesite":12,"minecraft:flint":1,"minecraft:oak_log":7,"minecraft:lapis_lazuli":7,"minecraft:dirt":32,"minecraft:cobbled_deepslate":4,"minecraft:spruce_planks":2,"minecraft:beef":1,"minecraft:enchanted_golden_apple":2,"minecraft:sugar_cane":11,"minecraft:furnace":4,"minecraft:stick":2,"minecraft:raw_iron":18,"minecraft:torch":6,"minecraft:gravel":11,"minecraft:diorite":11,"minecraft:spruce_log":11,"minecraft:jungle_slab":4,"minecraft:diamond":3,"minecraft:spruce_boat":1,"minecraft:netherrack":4,"minecraft:coal":69,"minecraft:snowball":55,"minecraft:cobblestone":134}},"DataVersion":3465}