{"stats":{"minecraft:killed":{"minecraft:spider":2,"minecraft:zombie":5,"minecraft:cow":1},"minecraft:dropped":{"minecraft:iron_nugget":4,"minecraft:enchanted_golden_apple":1,"minecraft:granite":10,"minecraft:jungle_slab":4,"minecraft:dirt":7,"minecraft:torch":16,"minecraft:wooden_axe":1,"minecraft:wooden_pickaxe":1,"minecraft:stone_pickaxe":1,"minecraft:iron_pickaxe":2,"minecraft:netherrack":4},"minecraft:crafted":{"minecraft:cooked_beef":1,"minecraft:oak_planks":28,"minecraft:diamond_sword":1,"minecraft:crafting_table":2,"minecraft:spruce_planks":44,"minecraft:wooden_pickaxe":1,"minecraft:furnace":2,"minecraft:bucket":1,"minecraft:air":0,"minecraft:flint_and_steel":1,"minecraft:iron_chestplate":1,"minecraft:diamond_pickaxe":1,"minecraft:shield":1,"minecraft:iron_axe":1,"minecraft:stick":16,"minecraft:iron_ingot":18,"minecraft:iron_pickaxe":2,"minecraft:stone_pickaxe":1,"minecraft:wooden_axe":1,"minecraft:spruce_boat":1,"minecraft:torch":8},"minecraft:custom":{"minecraft:interact_with_furnace":11,"minecraft:mob_kills":8,"minecraft:interact_with_crafting_table":14,"minecraft:leave_game":3,"minecraft:time_since_death":52796,"minecraft:damage_resisted":2,"minecraft:time_since_rest":52833,"minecraft:sprint_one_cm":69852,"minecraft:damage_taken":497,"minecraft:walk_one_cm":224414,"minecraft:damage_blocked_by_shield":50,"minecraft:drop":18,"minecraft:damage_dealt":1563,"minecraft:swim_one_cm":1635,"minecraft:fly_one_cm":115601,"minecraft:open_chest":8,"minecraft:crouch_one_cm":73562,"minecraft:play_time":77812,"minecraft:deaths":1,"minecraft:sneak_time":23340,"minecraft:walk_under_water_one_cm":13416,"minecraft:boat_one_cm":52858,"minecraft:jump":1054,"minecraft:walk_on_water_one_cm":7012,"minecraft:total_world_time":77812,"minecraft:fall_one_cm":21463},"minecraft:mined":{"minecraft:diamond_ore":3,"minecraft:tuff":19,"minecraft:spruce_planks":2,"minecraft:mossy_cobblestone":1,"minecraft:deepslate_diamond_ore":50,"minecraft:jungle_slab":4,"minecraft:powder_snow":1,"minecraft:crafting_table":9,"minecraft:torch":4,"minecraft:granite":10,"minecraft:grass_block":2,"minecraft:cobblestone":21,"minecraft:spruce_leaves":5,"minecraft:deepslate_gold_ore":7,"minecraft:lapis_ore":1,"minecraft:oak_planks":2,"minecraft:sugar_cane":2,"minecraft:diorite":14,"minecraft:wall_torch":24,"minecraft:spawner":1,"minecraft:furnace":4,"minecraft:cobbled_deepslate":3,"minecraft:iron_ore":18,"minecraft:fire":1,"minecraft:spruce_log":11,"minecraft:andesite":22,"minecraft:deepslate_lapis_ore":4,"minecraft:grass":1,"minecraft:coal_ore":20,"minecraft:oak_log":7,"minecraft:deepslate_iron_ore":12,"minecraft:gravel":21,"minecraft:dirt":17,"minecraft:cobweb":4,"minecraft:stone":185,"minecraft:netherrack":4,"minecraft:deepslate":271},"minecraft:used":{"minecraft:water_bucket":34,"minecraft:flint_and_steel":1,"minecraft:stone_pickaxe":37,"minecraft:oak_planks":12,"minecraft:shield":2,"minecraft:spruce_planks":1,"minecraft:wooden_pickaxe":12,"minecraft:torch":45,"minecraft:dirt":16,"minecraft:crafting_table":9,"minecraft:snowball":55,"minecraft:spruce_boat":1,"minecraft:wooden_axe":37,"minecraft:diamond_pickaxe":209,"minecraft:lava_bucket":10,"minecraft:bread":2,"minecraft:iron_axe":15,"minecraft:iron_pickaxe":467,"minecraft:diamond_sword":12,"minecraft:cobblestone":64,"minecraft:furnace":4,"minecraft:bucket":45,"minecraft:cooked_beef":1,"minecraft:cobbled_deepslate":97,"minecraft:enchanted_golden_apple":1},"minecraft:picked_up":{"minecraft:crafting_table":8,"minecraft:andesite":12,"minecraft:flint":1,"minecraft:oak_log":7,"minecraft:lapis_lazuli":30,"minecraft:string":5,"minecraft:dirt":32,"minecraft:cobbled_deepslate":164,"minecraft:raw_gold":7,"minecraft:spruce_planks":2,"minecraft:beef":1,"minecraft:enchanted_golden_apple":2,"minecraft:sugar_cane":11,"minecraft:oak_planks":2,"minecraft:furnace":4,"minecraft:stick":2,"minecraft:raw_iron":30,"minecraft:torch":46,"minecraft:gravel":22,"minecraft:diorite":11,"minecraft:spruce_log":11,"minecraft:jungle_slab":8,"minecraft:mossy_cobblestone":1,"minecraft:diamond":53,"minecraft:spruce_boat":1,"minecraft:granite":10,"minecraft:netherrack":4,"minecraft:coal":69,"minecraft:snowball":55,"minecraft:cobblestone":203}},"DataVersion":3465}