{"stats":{"minecraft:killed":{"minecraft:spider":2,"minecraft:zombie":5,"minecraft:cow":1},"minecraft:dropped":{"minecraft:furnace":4,"minecraft:iron_nugget":4,"minecraft:cooked_porkchop":6,"minecraft:enchanted_golden_apple":1,"minecraft:granite":10,"minecraft:saddle":1,"minecraft:diamond_horse_armor":1,"minecraft:jungle_slab":4,"minecraft:dirt":7,"minecraft:torch":16,"minecraft:wooden_axe":1,"minecraft:wooden_pickaxe":1,"minecraft:stone_pickaxe":1,"minecraft:iron_pickaxe":2,"minecraft:netherrack":4},"minecraft:crafted":{"minecraft:cooked_beef":1,"minecraft:oak_planks":28,"minecraft:diamond_sword":1,"minecraft:crafting_table":2,"minecraft:spruce_planks":44,"minecraft:wooden_pickaxe":1,"minecraft:furnace":2,"minecraft:bucket":2,"minecraft:air":0,"minecraft:flint_and_steel":1,"minecraft:iron_chestplate":1,"minecraft:diamond_pickaxe":1,"minecraft:shield":1,"minecraft:iron_axe":1,"minecraft:stick":16,"minecraft:iron_ingot":18,"minecraft:iron_pickaxe":2,"minecraft:stone_pickaxe":1,"minecraft:wooden_axe":1,"minecraft:spruce_boat":1,"minecraft:torch":8},"minecraft:custom":{"minecraft:interact_with_furnace":11,"minecraft:mob_kills":8,"minecraft:interact_with_crafting_table":16,"minecraft:leave_game":3,"minecraft:time_since_death":6710,"minecraft:damage_resisted":2,"minecraft:time_since_rest":6985,"minecraft:sprint_one_cm":124801,"minecraft:damage_taken":785,"minecraft:walk_one_cm":234004,"minecraft:damage_blocked_by_shield":50,"minecraft:drop":27,"minecraft:damage_dealt":1563,"minecraft:swim_one_cm":10414,"minecraft:fly_one_cm":357237,"minecraft:open_chest":8,"minecraft:crouch_one_cm":75229,"minecraft:play_time":89657,"minecraft:deaths":2,"minecraft:sneak_time":23902,"minecraft:walk_under_water_one_cm":14799,"minecraft:boat_one_cm":118456,"minecraft:jump":1289,"minecraft:walk_on_water_one_cm":9485,"minecraft:total_world_time":89657,"minecraft:fall_one_cm":28983},"minecraft:mined":{"minecraft:oak_slab":1,"minecraft:diamond_ore":3,"minecraft:tuff":19,"minecraft:spruce_planks":2,"minecraft:mossy_cobblestone":1,"minecraft:deepslate_diamond_ore":50,"minecraft:jungle_slab":4,"minecraft:powder_snow":1,"minecraft:crafting_table":12,"minecraft:torch":4,"minecraft:granite":10,"minecraft:grass_block":2,"minecraft:tall_grass":1,"minecraft:cobblestone":21,"minecraft:spruce_leaves":5,"minecraft:deepslate_gold_ore":7,"minecraft:lapis_ore":1,"minecraft:oak_planks":2,"minecraft:sugar_cane":2,"minecraft:diorite":14,"minecraft:wall_torch":24,"minecraft:spawner":1,"minecraft:furnace":6,"minecraft:cobbled_deepslate":3,"minecraft:iron_ore":18,"minecraft:fire":1,"minecraft:spruce_log":11,"minecraft:andesite":22,"minecraft:deepslate_lapis_ore":4,"minecraft:grass":6,"minecraft:coal_ore":20,"minecraft:oak_log":7,"minecraft:deepslate_iron_ore":12,"minecraft:gravel":21,"minecraft:dirt":17,"minecraft:cobweb":4,"minecraft:stone":185,"minecraft:netherrack":4,"minecraft:deepslate":271},"minecraft:killed_by":{"minecraft:player":1},"minecraft:used":{"minecraft:water_bucket":34,"minecraft:flint_and_steel":1,"minecraft:stone_pickaxe":37,"minecraft:oak_planks":13,"minecraft:shield":2,"minecraft:spruce_planks":2,"minecraft:wooden_pickaxe":12,"minecraft:torch":45,"minecraft:dirt":16,"minecraft:crafting_table":11,"minecraft:snowball":55,"minecraft:spruce_boat":5,"minecraft:wooden_axe":37,"minecraft:diamond_pickaxe":211,"minecraft:lava_bucket":10,"minecraft:bread":4,"minecraft:iron_axe":20,"minecraft:iron_pickaxe":467,"minecraft:diamond_sword":12,"minecraft:cobblestone":78,"minecraft:furnace":4,"minecraft:bucket":46,"minecraft:cooked_beef":1,"minecraft:cobbled_deepslate":97,"minecraft:enchanted_golden_apple":1},"minecraft:picked_up":{"minecraft:iron_chestplate":1,"minecraft:crafting_table":11,"minecraft:water_bucket":1,"minecraft:andesite":12,"minecraft:diamond_sword":1,"minecraft:filled_map":1,"minecraft:enchanted_book":1,"minecraft:flint":1,"minecraft:oak_log":7,"minecraft:shield":1,"minecraft:lapis_lazuli":68,"minecraft:string":20,"minecraft:dirt":41,"minecraft:iron_axe":1,"minecraft:name_tag":1,"minecraft:flint_and_steel":1,"minecraft:coast_armor_trim_smithing_template":2,"minecraft:gold_nugget":15,"minecraft:cobbled_deepslate":230,"minecraft:raw_gold":7,"minecraft:spruce_planks":14,"minecraft:iron_ingot":10,"minecraft:beef":1,"minecraft:enchanted_golden_apple":2,"minecraft:sugar_cane":22,"minecraft:oak_planks":20,"minecraft:furnace":6,"minecraft:stick":2,"minecraft:raw_iron":30,"minecraft:cooked_porkchop":7,"minecraft:torch":46,"minecraft:gravel":44,"minecraft:diorite":11,"minecraft:spruce_log":11,"minecraft:jungle_slab":8,"minecraft:mossy_cobblestone":1,"minecraft:diamond":101,"minecraft:spruce_boat":5,"minecraft:granite":10,"minecraft:golden_apple":2,"minecraft:oak_sapling":1,"minecraft:netherrack":4,"minecraft:coal":87,"minecraft:snowball":55,"minecraft:cobblestone":261,"minecraft:diamond_pickaxe":1}},"DataVersion":3465}