{"stats":{"minecraft:dropped":{"minecraft:dirt":6,"minecraft:enchanted_golden_apple":1},"minecraft:custom":{"minecraft:time_since_rest":16867,"minecraft:crouch_one_cm":22041,"minecraft:sprint_one_cm":13756,"minecraft:play_time":16867,"minecraft:damage_taken":285,"minecraft:walk_one_cm":33374,"minecraft:sneak_time":5744,"minecraft:walk_under_water_one_cm":3639,"minecraft:drop":7,"minecraft:jump":416,"minecraft:damage_dealt":74,"minecraft:leave_game":2,"minecraft:walk_on_water_one_cm":241,"minecraft:time_since_death":16867,"minecraft:total_world_time":16867,"minecraft:swim_one_cm":83,"minecraft:fly_one_cm":62780,"minecraft:fall_one_cm":13582},"minecraft:mined":{"minecraft:spruce_planks":1,"minecraft:dirt":5,"minecraft:spruce_leaves":4,"minecraft:powder_snow":1},"minecraft:picked_up":{"minecraft:spruce_planks":1,"minecraft:enchanted_golden_apple":2,"minecraft:snowball":55,"minecraft:dirt":20},"minecraft:used":{"minecraft:dirt":9,"minecraft:spruce_planks":1,"minecraft:snowball":39}},"DataVersion":3465}