{"stats":{"minecraft:custom":{"minecraft:jump":19,"minecraft:time_since_rest":4867,"minecraft:damage_dealt":48,"minecraft:crouch_one_cm":8089,"minecraft:leave_game":2,"minecraft:play_time":4867,"minecraft:sprint_one_cm":827,"minecraft:damage_taken":90,"minecraft:time_since_death":4867,"minecraft:walk_one_cm":14215,"minecraft:sneak_time":1242,"minecraft:total_world_time":4867,"minecraft:fall_one_cm":209,"minecraft:fly_one_cm":29113},"minecraft:mined":{"minecraft:powder_snow":1}},"DataVersion":3465}