{"stats":{"minecraft:dropped":{"minecraft:dirt":6,"minecraft:enchanted_golden_apple":1},"minecraft:custom":{"minecraft:time_since_rest":23812,"minecraft:crouch_one_cm":25112,"minecraft:sprint_one_cm":14917,"minecraft:play_time":23812,"minecraft:damage_taken":295,"minecraft:walk_one_cm":52345,"minecraft:sneak_time":6758,"minecraft:walk_under_water_one_cm":3639,"minecraft:drop":7,"minecraft:jump":630,"minecraft:damage_dealt":74,"minecraft:leave_game":3,"minecraft:walk_on_water_one_cm":241,"minecraft:time_since_death":23812,"minecraft:total_world_time":23812,"minecraft:swim_one_cm":83,"minecraft:fall_one_cm":17373,"minecraft:fly_one_cm":64945},"minecraft:mined":{"minecraft:spruce_planks":1,"minecraft:dirt":7,"minecraft:spruce_leaves":4,"minecraft:powder_snow":1},"minecraft:picked_up":{"minecraft:spruce_planks":1,"minecraft:enchanted_golden_apple":2,"minecraft:snowball":55,"minecraft:dirt":20},"minecraft:used":{"minecraft:dirt":14,"minecraft:spruce_planks":1,"minecraft:snowball":55,"minecraft:enchanted_golden_apple":1}},"DataVersion":3465}