{"stats":{"minecraft:killed":{"minecraft:zombie":3,"minecraft:pig":5,"minecraft:chicken":11},"minecraft:dropped":{"minecraft:wheat_seeds":2,"minecraft:wooden_pickaxe":1},"minecraft:crafted":{"minecraft:oak_slab":12,"minecraft:oak_planks":48,"minecraft:crafting_table":3,"minecraft:spruce_planks":56,"minecraft:stick":16,"minecraft:wooden_pickaxe":2,"minecraft:stone_pickaxe":2,"minecraft:stone_axe":2},"minecraft:custom":{"minecraft:time_since_rest":55690,"minecraft:sprint_one_cm":59957,"minecraft:damage_taken":1140,"minecraft:walk_one_cm":52806,"minecraft:mob_kills":19,"minecraft:drop":3,"minecraft:damage_dealt":1540,"minecraft:swim_one_cm":12960,"minecraft:interact_with_crafting_table":8,"minecraft:fly_one_cm":172367,"minecraft:crouch_one_cm":2395,"minecraft:play_time":73389,"minecraft:deaths":3,"minecraft:sneak_time":1035,"minecraft:walk_under_water_one_cm":6049,"minecraft:jump":587,"minecraft:walk_on_water_one_cm":3760,"minecraft:leave_game":4,"minecraft:time_since_death":54991,"minecraft:total_world_time":73389,"minecraft:fall_one_cm":19778},"minecraft:mined":{"minecraft:oak_slab":3,"minecraft:spruce_log":14,"minecraft:crafting_table":2,"minecraft:grass":26,"minecraft:grass_block":2,"minecraft:coal_ore":6,"minecraft:oak_log":12,"minecraft:poppy":1,"minecraft:dirt":5,"minecraft:packed_ice":6,"minecraft:copper_ore":1,"minecraft:spruce_leaves":1,"minecraft:stone":17,"minecraft:oak_planks":4,"minecraft:sugar_cane":4,"minecraft:oak_leaves":1},"minecraft:used":{"minecraft:stone_pickaxe":19,"minecraft:oak_planks":26,"minecraft:wooden_pickaxe":13,"minecraft:rotten_flesh":4,"minecraft:stone_axe":59,"minecraft:dirt":7,"minecraft:oak_slab":11,"minecraft:crafting_table":4,"minecraft:egg":1},"minecraft:picked_up":{"minecraft:oak_slab":3,"minecraft:crafting_table":2,"minecraft:feather":12,"minecraft:chicken":11,"minecraft:wooden_pickaxe":1,"minecraft:porkchop":10,"minecraft:oak_log":12,"minecraft:spruce_log":14,"minecraft:dirt":7,"minecraft:raw_copper":4,"minecraft:rotten_flesh":4,"minecraft:wheat_seeds":2,"minecraft:poppy":1,"minecraft:sugar_cane":10,"minecraft:oak_planks":3,"minecraft:coal":6,"minecraft:cobblestone":17,"minecraft:egg":1}},"DataVersion":3465}