{"stats":{"minecraft:killed":{"minecraft:zombie":3,"minecraft:pig":3,"minecraft:chicken":8},"minecraft:dropped":{"minecraft:wheat_seeds":2,"minecraft:wooden_pickaxe":1},"minecraft:crafted":{"minecraft:oak_slab":6,"minecraft:oak_planks":48,"minecraft:crafting_table":2,"minecraft:spruce_planks":56,"minecraft:stick":16,"minecraft:wooden_pickaxe":2,"minecraft:stone_pickaxe":2,"minecraft:stone_axe":2},"minecraft:custom":{"minecraft:time_since_rest":13690,"minecraft:sprint_one_cm":48543,"minecraft:damage_taken":1140,"minecraft:walk_one_cm":47953,"minecraft:mob_kills":14,"minecraft:drop":3,"minecraft:damage_dealt":1220,"minecraft:swim_one_cm":12326,"minecraft:interact_with_crafting_table":7,"minecraft:fly_one_cm":158676,"minecraft:crouch_one_cm":1551,"minecraft:play_time":31389,"minecraft:deaths":3,"minecraft:sneak_time":707,"minecraft:walk_under_water_one_cm":5962,"minecraft:jump":493,"minecraft:walk_on_water_one_cm":3502,"minecraft:leave_game":4,"minecraft:time_since_death":12991,"minecraft:total_world_time":31389,"minecraft:fall_one_cm":17628},"minecraft:mined":{"minecraft:oak_slab":1,"minecraft:spruce_log":14,"minecraft:crafting_table":1,"minecraft:grass":23,"minecraft:grass_block":2,"minecraft:coal_ore":6,"minecraft:oak_log":12,"minecraft:poppy":1,"minecraft:dirt":5,"minecraft:packed_ice":6,"minecraft:copper_ore":1,"minecraft:spruce_leaves":1,"minecraft:stone":17,"minecraft:oak_planks":1,"minecraft:sugar_cane":4,"minecraft:oak_leaves":1},"minecraft:used":{"minecraft:stone_pickaxe":19,"minecraft:oak_planks":11,"minecraft:wooden_pickaxe":13,"minecraft:rotten_flesh":4,"minecraft:stone_axe":45,"minecraft:oak_slab":7,"minecraft:crafting_table":3},"minecraft:picked_up":{"minecraft:oak_slab":1,"minecraft:crafting_table":1,"minecraft:feather":7,"minecraft:chicken":8,"minecraft:wooden_pickaxe":1,"minecraft:porkchop":5,"minecraft:oak_log":12,"minecraft:spruce_log":14,"minecraft:dirt":7,"minecraft:raw_copper":4,"minecraft:rotten_flesh":4,"minecraft:wheat_seeds":2,"minecraft:poppy":1,"minecraft:sugar_cane":10,"minecraft:coal":6,"minecraft:cobblestone":17}},"DataVersion":3465}