{"stats":{"minecraft:crafted":{"minecraft:spruce_planks":4},"minecraft:custom":{"minecraft:jump":274,"minecraft:time_since_rest":1557,"minecraft:damage_taken":710,"minecraft:leave_game":2,"minecraft:time_since_death":1521,"minecraft:crouch_one_cm":253,"minecraft:play_time":11116,"minecraft:walk_one_cm":2844,"minecraft:sprint_one_cm":21608,"minecraft:walk_on_water_one_cm":2976,"minecraft:deaths":2,"minecraft:total_world_time":11116,"minecraft:sneak_time":115,"minecraft:walk_under_water_one_cm":911,"minecraft:swim_one_cm":12326,"minecraft:fall_one_cm":10660,"minecraft:fly_one_cm":121405},"minecraft:mined":{"minecraft:grass":1,"minecraft:spruce_log":1,"minecraft:packed_ice":6},"minecraft:picked_up":{"minecraft:spruce_log":1}},"DataVersion":3465}