{"stats":{"minecraft:dropped":{"minecraft:wheat_seeds":2,"minecraft:wooden_pickaxe":1},"minecraft:crafted":{"minecraft:crafting_table":1,"minecraft:spruce_planks":56,"minecraft:stick":8,"minecraft:wooden_pickaxe":1,"minecraft:stone_pickaxe":1,"minecraft:stone_axe":1},"minecraft:custom":{"minecraft:time_since_rest":1690,"minecraft:sprint_one_cm":37782,"minecraft:damage_taken":1040,"minecraft:walk_one_cm":21225,"minecraft:drop":3,"minecraft:swim_one_cm":12326,"minecraft:interact_with_crafting_table":3,"minecraft:fly_one_cm":154370,"minecraft:crouch_one_cm":1342,"minecraft:play_time":19389,"minecraft:deaths":3,"minecraft:sneak_time":502,"minecraft:walk_under_water_one_cm":5962,"minecraft:jump":438,"minecraft:walk_on_water_one_cm":3324,"minecraft:leave_game":4,"minecraft:time_since_death":991,"minecraft:total_world_time":19389,"minecraft:fall_one_cm":17359},"minecraft:mined":{"minecraft:spruce_log":14,"minecraft:grass":18,"minecraft:coal_ore":6,"minecraft:oak_log":4,"minecraft:poppy":1,"minecraft:packed_ice":6,"minecraft:copper_ore":1,"minecraft:spruce_leaves":1,"minecraft:stone":11,"minecraft:sugar_cane":4,"minecraft:oak_leaves":1},"minecraft:used":{"minecraft:stone_pickaxe":19,"minecraft:wooden_pickaxe":7,"minecraft:stone_axe":10,"minecraft:crafting_table":1},"minecraft:picked_up":{"minecraft:wooden_pickaxe":1,"minecraft:oak_log":4,"minecraft:spruce_log":14,"minecraft:raw_copper":4,"minecraft:wheat_seeds":2,"minecraft:poppy":1,"minecraft:sugar_cane":9,"minecraft:coal":6,"minecraft:cobblestone":11}},"DataVersion":3465}