{"stats":{"minecraft:killed":{"minecraft:zombie":6,"minecraft:zombie_villager":1},"minecraft:picked_up":{"born_in_chaos_v1:corpse_maggot":1,"croptopia:corn_seed":2,"croptopia:barley_seed":1,"croptopia:soybean_seed":2,"minecraft:dandelion":3,"minecraft:potato":1,"minecraft:oak_stairs":3,"croptopia:blueberry_seed":4,"minecraft:dirt":8,"minecraft:wooden_sword":1,"minecraft:stone_sword":2,"croptopia:corn":1,"minecraft:rotten_flesh":3,"croptopia:barley":1,"minecraft:wheat_seeds":1,"minecraft:hay_block":8,"minecraft:stone_pickaxe":1,"minecraft:bread":6,"croptopia:elderberry":1,"croptopia:elderberry_seed":2,"minecraft:oak_planks":2,"minecraft:cobblestone":11},"minecraft:custom":{"minecraft:time_since_rest":6713,"minecraft:waystone_activated":1,"minecraft:sprint_one_cm":2224,"minecraft:damage_taken":125,"minecraft:walk_one_cm":141039,"minecraft:mob_kills":8,"minecraft:damage_dealt":1077,"minecraft:interact_with_crafting_table":1,"minecraft:fly_one_cm":6056,"minecraft:play_time":18625,"minecraft:jump":230,"minecraft:leave_game":1,"minecraft:time_since_death":18625,"minecraft:damage_resisted":2335,"minecraft:sleep_in_bed":1,"minecraft:total_world_time":18625,"minecraft:fall_one_cm":1718},"minecraft:mined":{"minecraft:hay_block":11,"croptopia:corn_crop":1,"minecraft:grass":10,"minecraft:oak_stairs":3,"minecraft:dirt":4,"croptopia:elderberry_crop":1,"minecraft:stone":11,"minecraft:oak_planks":2,"minecraft:oak_leaves":5},"minecraft:used":{"minecraft:stone_sword":19,"minecraft:bread":4,"minecraft:stone_pickaxe":15,"croptopia:corn":1}},"DataVersion":3465}