{"stats":{"minecraft:dropped":{"minecraft:bread":43,"minecraft:iron_sword":1,"minecraft:porkchop":6,"minecraft:wheat_seeds":48,"minecraft:mangrove_trapdoor":3,"minecraft:glass_bottle":7,"minecraft:feather":2,"minecraft:deepslate_tile_wall":2,"minecraft:leather":3,"gamma_beasts:prehnite_pickaxe":1,"minecraft:item_frame":2,"minecraft:stick":3,"minecraft:dirt":1,"immersive_armors:bone_leggings":2,"minecraft:mutton":3,"minecraft:wooden_axe":1,"minecraft:wooden_sword":1,"gravestone:obituary":7,"minecraft:bone_meal":2,"croptopia:barley_seed":3,"croptopia:cauliflower_seed":2,"minecraft:iron_axe":1,"minecraft:iron_pickaxe":1,"minecraft:bone":7,"minecraft:stone_axe":1,"minecraft:sugar_cane":6,"minecraft:bowl":4,"minecraft:wheat":1,"minecraft:beetroot":1,"minecraft:rotten_flesh":13,"minecraft:oak_planks":3,"gamma_beasts:red_maple_wood":6,"minecraft:leather_chestplate":3,"croptopia:broccoli":1,"minecraft:hay_block":9,"croptopia:spinach_seed":4,"minecraft:iron_chestplate":3,"minecraft:melon_seeds":1,"minecraft:acacia_slab":1,"minecraft:acacia_sapling":1,"minecraft:spider_eye":3,"minecraft:iron_bars":1,"minecraft:arrow":3,"minecraft:bow":1,"minecraft:stone_pickaxe":1,"minecraft:beef":3,"minecraft:wooden_pickaxe":4,"croptopia:barley":4,"minecraft:cracked_deepslate_bricks":2,"minecraft:stone_brick_stairs":1,"minecraft:netherrack":2,"gamma_beasts:fur":9,"minecraft:egg":1},"minecraft:custom":{"minecraft:interact_with_smithing_table":2,"minecraft:mob_kills":62,"minecraft:interact_with_crafting_table":44,"minecraft:open_barrel":13,"minecraft:open_shulker_box":3,"minecraft:damage_dealt_resisted":394,"minecraft:eat_cake_slice":6,"minecraft:leave_game":4,"minecraft:time_since_death":95811,"minecraft:climb_one_cm":17862,"minecraft:sprint_one_cm":856180,"minecraft:walk_one_cm":354361,"minecraft:drop":142,"minecraft:play_time":151932,"minecraft:deaths":6,"minecraft:sneak_time":13317,"minecraft:walk_under_water_one_cm":20447,"minecraft:boat_one_cm":24435,"minecraft:interact_with_lectern":1,"minecraft:interact_with_brewingstand":1,"minecraft:jump":2323,"minecraft:walk_on_water_one_cm":20531,"minecraft:total_world_time":151932,"minecraft:tune_noteblock":1,"minecraft:sleep_in_bed":1,"minecraft:time_since_rest":95842,"minecraft:waystone_activated":1,"minecraft:damage_taken":7927,"minecraft:damage_dealt":15965,"minecraft:swim_one_cm":93854,"minecraft:fly_one_cm":417499,"minecraft:open_chest":17,"minecraft:crouch_one_cm":45987,"minecraft:fall_one_cm":50868},"minecraft:mined":{"minecraft:yellow_wall_banner":1,"minecraft:white_bed":1,"minecraft:deepslate_diamond_ore":31,"gamma_beasts:thin_acacia_log":2,"croptopia:grape_crop":1,"minecraft:shulker_box":4,"minecraft:ladder":1,"gravestone:gravestone":6,"minecraft:dark_oak_fence":3,"minecraft:grass_block":2,"minecraft:acacia_log":9,"minecraft:coal_block":3,"minecraft:mangrove_trapdoor":1,"minecraft:spawner":3,"minecraft:hay_block":75,"gamma_beasts:almandine":9,"minecraft:furnace":1,"minecraft:fire":5,"minecraft:iron_ore":3,"minecraft:gold_block":1,"minecraft:deepslate_iron_ore":5,"vct:acacia_crafting_table":5,"minecraft:stone":170,"minecraft:player_head":1,"minecraft:spruce_slab":1,"minecraft:melon_stem":3,"minecraft:crafting_table":7,"born_in_chaos_v1:infected_deepslate_diamond_ore":1,"minecraft:torch":10,"minecraft:melon":1,"minecraft:tall_grass":2,"minecraft:cobblestone":3,"minecraft:sugar_cane":1,"minecraft:oak_planks":4,"minecraft:damaged_anvil":1,"minecraft:wall_torch":7,"croptopia:cauliflower_crop":1,"minecraft:wheat":37,"minecraft:grass":34,"minecraft:coal_ore":3,"minecraft:oak_log":7,"minecraft:sand":1,"minecraft:acacia_planks":10,"gamma_beasts:red_maple_log":8,"minecraft:oak_leaves":3,"minecraft:deepslate":73},"minecraft:used":{"moonsweaponry:diamond_greatsword":3,"minecraft:iron_sword":226,"minecraft:iron_chestplate":1,"minecraft:torch":42,"minecraft:dirt":2,"croptopia:taco":2,"gamma_beasts:prehnite_pickaxe":181,"minecraft:shulker_box":4,"croptopia:melon_juice":8,"minecraft:obsidian":3,"minecraft:wooden_axe":11,"minecraft:iron_axe":58,"minecraft:stone_bricks":1,"minecraft:hay_block":3,"minecraft:egg":1,"minecraft:cobbled_deepslate":2,"minecraft:acacia_planks":24,"croptopia:grape":1,"minecraft:cooked_mutton":1,"minecraft:water_bucket":35,"minecraft:acacia_boat":1,"minecraft:oak_planks":4,"minecraft:wooden_pickaxe":9,"minecraft:diamond_axe":2,"minecraft:white_wool":3,"vct:acacia_crafting_table":7,"minecraft:sand":1,"moonsweaponry:diamond_mace":10,"minecraft:crafting_table":7,"minecraft:mushroom_stew":3,"minecraft:cake":2,"minecraft:wooden_hoe":61,"minecraft:diamond_pickaxe":133,"minecraft:bread":93,"croptopia:spinach":1,"gamma_beasts:bird_thigh":1,"croptopia:cauliflower":1,"minecraft:diamond_sword":23,"minecraft:fire_charge":1,"minecraft:wooden_sword":103,"minecraft:cobblestone":17,"minecraft:dark_oak_fence":3,"minecraft:bucket":36,"minecraft:pumpkin_pie":8},"minecraft:killed":{"born_in_chaos_v1:restless_spirit":1,"born_in_chaos_v1:zombie_lumberjack":1,"born_in_chaos_v1:zombie_clown_not_despawn":1,"minecraft:spider":2,"born_in_chaos_v1:zombie_bruiser":3,"minecraft:skeleton":15,"born_in_chaos_v1:skeleton_thrasher":2,"gamma_beasts:dosmo_c":1,"born_in_chaos_v1:fallen_chaos_knight":1,"minecraft:pig":8,"born_in_chaos_v1:bone_imp_minion":1,"born_in_chaos_v1:baby_skeleton":1,"minecraft:iron_golem":1,"minecraft:creeper":1,"born_in_chaos_v1:decrepit_skeleton":3,"minecraft:sheep":3,"minecraft:zombie":11,"born_in_chaos_v1:corpse_fly":2,"gamma_beasts:dosmos_a":1,"minecraft:cow":2},"minecraft:picked_up":{"minecraft:crafting_table":6,"minecraft:iron_chestplate":1,"minecraft:wheat":12,"croptopia:grape_seed":1,"gamma_beasts:fur":9,"croptopia:broccoli":1,"minecraft:wooden_pickaxe":2,"minecraft:gold_block":1,"minecraft:stone_brick_stairs":1,"gravestone:obituary":2,"minecraft:string":2,"minecraft:item_frame":2,"minecraft:iron_leggings":1,"born_in_chaos_v1:intoxicating_decoction":2,"minecraft:armor_stand":1,"minecraft:cobbled_deepslate":38,"minecraft:beef":3,"minecraft:player_head":1,"gamma_beasts:red_maple_log":8,"minecraft:coal_block":4,"minecraft:deepslate_tile_wall":2,"minecraft:melon_slice":5,"minecraft:sugar_cane":6,"minecraft:furnace":1,"minecraft:egg":2,"minecraft:stick":1,"minecraft:raw_iron":8,"born_in_chaos_v1:shattered_skull":1,"croptopia:barley_seed":3,"vct:acacia_crafting_table":5,"minecraft:torch":14,"minecraft:acacia_log":8,"born_in_chaos_v1:pileof_dark_metal":1,"minecraft:porkchop":12,"minecraft:cake":1,"born_in_chaos_v1:pieceofdarkmetal":2,"minecraft:mangrove_trapdoor":3,"minecraft:yellow_banner":1,"croptopia:grape":1,"minecraft:orange_bed":1,"minecraft:arrow":19,"minecraft:rotten_flesh":25,"minecraft:hay_block":75,"minecraft:cracked_deepslate_bricks":2,"minecraft:mutton":3,"minecraft:iron_bars":1,"minecraft:white_wool":3,"minecraft:cobblestone":172,"croptopia:cauliflower":1,"gamma_beasts:almandine_cobblestone":9,"born_in_chaos_v1:corpse_maggot":1,"immersive_armors:bone_leggings":1,"minecraft:leather_chestplate":3,"minecraft:feather":2,"minecraft:leather":3,"gamma_beasts:prehnite":16,"minecraft:potato":1,"gamma_beasts:bird_thigh":3,"croptopia:spinach":1,"minecraft:oak_log":9,"croptopia:taco":19,"minecraft:dirt":2,"minecraft:cooked_mutton":1,"minecraft:bone":30,"minecraft:acacia_planks":23,"croptopia:barley":4,"minecraft:stone_bricks":1,"minecraft:wheat_seeds":48,"minecraft:iron_ingot":1,"minecraft:glass_bottle":1,"minecraft:oak_planks":6,"minecraft:acacia_sapling":1,"croptopia:cauliflower_seed":2,"croptopia:melon_juice":6,"born_in_chaos_v1:ethereal_spirit":1,"minecraft:sand":1,"gamma_beasts:thin_acacia_log":2,"minecraft:white_bed":1,"croptopia:spinach_seed":4,"minecraft:spider_eye":3,"minecraft:shulker_box":4,"minecraft:diamond":37,"minecraft:iron_helmet":1,"minecraft:bone_meal":2,"minecraft:golden_apple":1,"minecraft:bread":8,"minecraft:netherrack":2,"minecraft:melon_seeds":1,"minecraft:acacia_slab":1,"minecraft:damaged_anvil":1,"minecraft:dark_oak_fence":3,"minecraft:coal":3},"minecraft:broken":{"immersive_armors:bone_boots":1,"minecraft:wooden_sword":1,"minecraft:wooden_hoe":1},"minecraft:crafted":{"minecraft:wooden_sword":2,"minecraft:oak_planks":36,"minecraft:coal":27,"moonsweaponry:diamond_greatsword":1,"minecraft:bone_meal":9,"gamma_beasts:prehnite_armor_chestplate":1,"minecraft:iron_axe":1,"moonsweaponry:diamond_mace":1,"gamma_beasts:prehnite_armor_helmet":1,"minecraft:wheat":346,"minecraft:diamond_sword":2,"immersive_armors:bone_leggings":1,"vct:acacia_crafting_table":3,"minecraft:diamond_axe":2,"minecraft:crafting_table":1,"minecraft:wooden_pickaxe":2,"minecraft:iron_sword":1,"minecraft:bucket":1,"minecraft:acacia_boat":1,"minecraft:bread":117,"gamma_beasts:red_maple_wood":6,"minecraft:iron_chestplate":1,"minecraft:wooden_hoe":1,"minecraft:diamond_pickaxe":2,"minecraft:stick":52,"minecraft:wooden_axe":1,"minecraft:acacia_planks":36,"minecraft:torch":76,"immersive_armors:bone_boots":1,"gamma_beasts:prehnite_pickaxe":1,"minecraft:diamond_chestplate":1}},"DataVersion":3465}