{"stats":{"minecraft:crafted":{"minecraft:wooden_sword":2,"minecraft:oak_planks":28,"minecraft:coal":27,"minecraft:bone_meal":9,"gamma_beasts:prehnite_armor_chestplate":1,"minecraft:iron_axe":1,"gamma_beasts:prehnite_armor_helmet":1,"minecraft:wheat":283,"immersive_armors:bone_leggings":1,"vct:acacia_crafting_table":3,"minecraft:crafting_table":1,"minecraft:wooden_pickaxe":2,"minecraft:iron_sword":1,"minecraft:bucket":1,"minecraft:bread":96,"minecraft:acacia_boat":1,"minecraft:wooden_hoe":1,"minecraft:iron_chestplate":1,"minecraft:stick":20,"minecraft:wooden_axe":1,"minecraft:acacia_planks":36,"minecraft:torch":12,"immersive_armors:bone_boots":1,"gamma_beasts:prehnite_pickaxe":1},"minecraft:killed":{"born_in_chaos_v1:zombie_clown_not_despawn":1,"minecraft:spider":1,"minecraft:skeleton":15,"gamma_beasts:dosmo_c":1,"minecraft:pig":4,"minecraft:iron_golem":1,"minecraft:creeper":1,"born_in_chaos_v1:decrepit_skeleton":2,"minecraft:sheep":3,"minecraft:zombie":2,"gamma_beasts:dosmos_a":1,"minecraft:cow":2},"minecraft:picked_up":{"minecraft:crafting_table":6,"minecraft:iron_chestplate":1,"minecraft:wheat":12,"gamma_beasts:fur":5,"croptopia:broccoli":1,"minecraft:wooden_pickaxe":2,"minecraft:gold_block":1,"minecraft:stone_brick_stairs":1,"gravestone:obituary":1,"minecraft:armor_stand":1,"minecraft:iron_leggings":1,"born_in_chaos_v1:intoxicating_decoction":2,"minecraft:item_frame":2,"minecraft:beef":3,"minecraft:player_head":1,"minecraft:deepslate_tile_wall":2,"minecraft:sugar_cane":6,"minecraft:coal_block":4,"minecraft:furnace":1,"minecraft:egg":1,"minecraft:stick":1,"croptopia:barley_seed":3,"vct:acacia_crafting_table":2,"minecraft:torch":9,"minecraft:acacia_log":8,"minecraft:porkchop":5,"minecraft:cake":1,"minecraft:mangrove_trapdoor":3,"minecraft:yellow_banner":1,"minecraft:orange_bed":1,"minecraft:arrow":19,"minecraft:rotten_flesh":5,"minecraft:hay_block":74,"minecraft:cracked_deepslate_bricks":2,"minecraft:mutton":3,"minecraft:iron_bars":1,"minecraft:white_wool":3,"croptopia:cauliflower":1,"immersive_armors:bone_leggings":1,"minecraft:leather_chestplate":3,"minecraft:feather":2,"minecraft:leather":3,"gamma_beasts:bird_thigh":3,"gamma_beasts:prehnite":16,"minecraft:potato":1,"croptopia:spinach":1,"minecraft:oak_log":7,"minecraft:cooked_mutton":1,"minecraft:bone":21,"minecraft:acacia_planks":13,"croptopia:barley":4,"minecraft:stone_bricks":1,"minecraft:wheat_seeds":43,"minecraft:acacia_sapling":1,"minecraft:oak_planks":6,"croptopia:cauliflower_seed":2,"minecraft:sand":1,"gamma_beasts:thin_acacia_log":2,"minecraft:white_bed":1,"minecraft:shulker_box":1,"minecraft:spider_eye":2,"croptopia:spinach_seed":4,"minecraft:bone_meal":2,"minecraft:golden_apple":1,"minecraft:bread":8,"minecraft:acacia_slab":1,"minecraft:damaged_anvil":1,"minecraft:melon_seeds":1,"minecraft:netherrack":2,"minecraft:dark_oak_fence":3,"minecraft:coal":3},"minecraft:broken":{"minecraft:wooden_sword":1,"minecraft:wooden_hoe":1},"minecraft:custom":{"minecraft:interact_with_smithing_table":2,"minecraft:mob_kills":35,"minecraft:interact_with_crafting_table":30,"minecraft:open_barrel":13,"minecraft:open_shulker_box":1,"minecraft:eat_cake_slice":6,"minecraft:leave_game":2,"minecraft:time_since_death":43880,"minecraft:climb_one_cm":17862,"minecraft:sprint_one_cm":590454,"minecraft:walk_one_cm":263852,"minecraft:drop":108,"minecraft:play_time":100001,"minecraft:deaths":6,"minecraft:sneak_time":6596,"minecraft:walk_under_water_one_cm":18551,"minecraft:boat_one_cm":24435,"minecraft:interact_with_lectern":1,"minecraft:interact_with_brewingstand":1,"minecraft:jump":1380,"minecraft:walk_on_water_one_cm":17327,"minecraft:total_world_time":100001,"minecraft:tune_noteblock":1,"minecraft:sleep_in_bed":1,"minecraft:time_since_rest":43911,"minecraft:waystone_activated":1,"minecraft:damage_taken":6019,"minecraft:damage_dealt":8127,"minecraft:swim_one_cm":82008,"minecraft:fly_one_cm":265689,"minecraft:open_chest":16,"minecraft:crouch_one_cm":29879,"minecraft:fall_one_cm":29455},"minecraft:mined":{"minecraft:yellow_wall_banner":1,"minecraft:white_bed":1,"gamma_beasts:thin_acacia_log":2,"minecraft:shulker_box":1,"minecraft:ladder":1,"gravestone:gravestone":5,"minecraft:dark_oak_fence":3,"minecraft:acacia_log":9,"minecraft:coal_block":3,"minecraft:mangrove_trapdoor":1,"minecraft:spawner":3,"minecraft:hay_block":74,"minecraft:furnace":1,"minecraft:fire":5,"minecraft:gold_block":1,"vct:acacia_crafting_table":2,"minecraft:player_head":1,"minecraft:spruce_slab":1,"minecraft:melon_stem":3,"minecraft:crafting_table":7,"minecraft:torch":5,"minecraft:tall_grass":1,"minecraft:oak_planks":4,"minecraft:sugar_cane":1,"minecraft:damaged_anvil":1,"minecraft:wall_torch":6,"croptopia:cauliflower_crop":1,"minecraft:wheat":33,"minecraft:grass":17,"minecraft:oak_log":7,"minecraft:coal_ore":3,"minecraft:sand":1,"minecraft:oak_leaves":1},"minecraft:dropped":{"minecraft:bread":43,"minecraft:wheat_seeds":38,"minecraft:mangrove_trapdoor":3,"minecraft:deepslate_tile_wall":2,"minecraft:leather":3,"minecraft:item_frame":2,"immersive_armors:bone_leggings":2,"minecraft:mutton":3,"minecraft:wooden_axe":1,"gravestone:obituary":6,"minecraft:wooden_sword":1,"croptopia:cauliflower_seed":2,"croptopia:barley_seed":3,"minecraft:bone_meal":2,"minecraft:bone":2,"minecraft:sugar_cane":6,"minecraft:wheat":1,"minecraft:beetroot":1,"minecraft:rotten_flesh":1,"minecraft:oak_planks":3,"minecraft:leather_chestplate":3,"croptopia:broccoli":1,"minecraft:hay_block":9,"croptopia:spinach_seed":4,"minecraft:iron_chestplate":2,"minecraft:melon_seeds":1,"minecraft:spider_eye":2,"minecraft:iron_bars":1,"minecraft:arrow":3,"minecraft:beef":3,"minecraft:wooden_pickaxe":4,"minecraft:cracked_deepslate_bricks":2,"minecraft:stone_brick_stairs":1,"croptopia:barley":4,"minecraft:netherrack":2,"minecraft:egg":1},"minecraft:used":{"minecraft:iron_sword":124,"minecraft:iron_chestplate":1,"minecraft:torch":21,"minecraft:shulker_box":1,"gamma_beasts:prehnite_pickaxe":14,"minecraft:obsidian":3,"minecraft:wooden_axe":11,"minecraft:iron_axe":23,"minecraft:stone_bricks":1,"minecraft:hay_block":3,"minecraft:acacia_planks":8,"minecraft:cooked_mutton":1,"minecraft:acacia_boat":1,"minecraft:oak_planks":4,"minecraft:wooden_pickaxe":9,"minecraft:white_wool":3,"vct:acacia_crafting_table":4,"minecraft:sand":1,"minecraft:crafting_table":7,"minecraft:cake":2,"minecraft:wooden_hoe":61,"minecraft:bread":66,"croptopia:spinach":1,"gamma_beasts:bird_thigh":1,"croptopia:cauliflower":1,"minecraft:fire_charge":1,"minecraft:wooden_sword":103,"minecraft:dark_oak_fence":3,"minecraft:pumpkin_pie":8}},"DataVersion":3465}