{"stats":{"minecraft:killed":{"born_in_chaos_v1:restless_spirit":2,"born_in_chaos_v1:zombie_lumberjack":2,"minecraft:spider":2,"sculkhorde:sculk_zombie":2,"sculkhorde:sculk_mite_aggressor":1,"minecraft:skeleton":16,"born_in_chaos_v1:skeleton_thrasher":2,"minecraft:pig":8,"minecraft:iron_golem":1,"minecraft:creeper":1,"minecraft:sheep":3,"minecraft:zombie":16,"born_in_chaos_v1:corpse_fly":2,"minecraft:cow":2,"sculkhorde:sculk_spore_spewer":2,"born_in_chaos_v1:zombie_clown_not_despawn":1,"sculkhorde:sculk_mite":1,"born_in_chaos_v1:thornshell_crab":1,"born_in_chaos_v1:zombie_bruiser":3,"sculkhorde:sculk_phantom_corpse":2,"sculkhorde:sculk_spitter":2,"gamma_beasts:dosmo_c":1,"born_in_chaos_v1:fallen_chaos_knight":2,"born_in_chaos_v1:bone_imp_minion":1,"born_in_chaos_v1:baby_skeleton":2,"born_in_chaos_v1:decrepit_skeleton":4,"born_in_chaos_v1:nightmare_stalker":1,"gamma_beasts:dosmos_a":1},"minecraft:crafted":{"minecraft:oak_planks":36,"minecraft:birch_wood":3,"moonsweaponry:diamond_greatsword":2,"vct:jungle_crafting_table":1,"gamma_beasts:prehnite_armor_chestplate":1,"minecraft:cooked_mutton":1,"minecraft:diamond_helmet":1,"minecraft:diamond_leggings":1,"gamma_beasts:prehnite_armor_helmet":1,"immersive_armors:bone_leggings":1,"vct:acacia_crafting_table":3,"minecraft:diamond_axe":2,"minecraft:crafting_table":1,"minecraft:wooden_pickaxe":2,"minecraft:wooden_hoe":1,"minecraft:iron_chestplate":1,"minecraft:diamond_pickaxe":2,"minecraft:stick":56,"minecraft:netherite_ingot":36,"immersive_armors:bone_boots":1,"gamma_beasts:prehnite_pickaxe":1,"minecraft:wooden_sword":2,"minecraft:coal":36,"minecraft:diamond_hoe":1,"minecraft:bone_meal":9,"minecraft:iron_axe":1,"minecraft:diamond_boots":1,"moonsweaponry:diamond_mace":1,"minecraft:wheat":346,"minecraft:diamond_sword":2,"minecraft:iron_sword":1,"minecraft:bucket":1,"minecraft:bread":117,"minecraft:acacia_boat":1,"minecraft:air":0,"minecraft:jungle_planks":8,"gamma_beasts:red_maple_wood":6,"minecraft:wooden_axe":1,"minecraft:acacia_planks":36,"minecraft:torch":96,"minecraft:diamond_chestplate":1},"minecraft:broken":{"immersive_armors:bone_boots":1,"minecraft:wooden_sword":1,"minecraft:wooden_hoe":1},"minecraft:dropped":{"minecraft:iron_sword":1,"minecraft:porkchop":7,"gamma_beasts:prehnite_armor_helmet":3,"minecraft:glass_bottle":7,"moonsweaponry:diamond_halberd":1,"gamma_beasts:prehnite":3,"minecraft:deepslate_tile_wall":2,"minecraft:leather":3,"minecraft:jungle_planks":2,"minecraft:flint":1,"minecraft:emerald":2,"minecraft:item_frame":2,"minecraft:dirt":1,"immersive_aircraft:gyrodyne":1,"gamma_beasts:book":3,"minecraft:dark_oak_log":1,"minecraft:mutton":3,"minecraft:chain":1,"gravestone:obituary":13,"minecraft:gold_nugget":19,"minecraft:wooden_sword":1,"minecraft:bone_meal":2,"croptopia:barley_seed":3,"minecraft:iron_pickaxe":1,"minecraft:bone":8,"minecraft:stone_axe":1,"minecraft:blackstone":12,"minecraft:sugar_cane":6,"minecraft:wheat":2,"minecraft:birch_sapling":3,"minecraft:beetroot":1,"minecraft:rotten_flesh":13,"minecraft:birch_wood":3,"minecraft:oak_planks":3,"moonsweaponry:diamond_greatsword":2,"minecraft:leather_chestplate":3,"croptopia:broccoli":1,"croptopia:spinach_seed":4,"born_in_chaos_v1:corpse_maggot":2,"minecraft:melon_seeds":1,"croptopia:taco":2,"minecraft:acacia_slab":1,"minecraft:acacia_sapling":1,"minecraft:iron_bars":1,"minecraft:arrow":3,"minecraft:beef":3,"minecraft:quartz":8,"minecraft:stone_brick_stairs":1,"croptopia:barley":4,"minecraft:netherrack":125,"gamma_beasts:fur":9,"minecraft:egg":3,"minecraft:bread":43,"minecraft:wheat_seeds":54,"minecraft:mangrove_trapdoor":3,"minecraft:feather":2,"minecraft:cobblestone":1,"minecraft:sculk_vein":3,"minecraft:apple":1,"gamma_beasts:prehnite_pickaxe":1,"minecraft:golden_apple":3,"minecraft:stick":5,"immersive_armors:bone_leggings":2,"minecraft:sculk":3,"minecraft:wooden_axe":1,"sculkhorde:sculk_sweeper_sword":1,"minecraft:iron_leggings":3,"croptopia:cauliflower_seed":2,"minecraft:iron_axe":1,"minecraft:netherite_ingot":4,"minecraft:bowl":4,"born_in_chaos_v1:rotten_fish":2,"minecraft:diamond_sword":1,"gamma_beasts:red_maple_wood":6,"minecraft:hay_block":9,"minecraft:iron_chestplate":3,"minecraft:andesite":5,"minecraft:oak_sapling":2,"minecraft:spider_eye":3,"minecraft:bow":1,"minecraft:stone_pickaxe":1,"minecraft:wooden_pickaxe":4,"minecraft:cracked_deepslate_bricks":2,"croptopia:lime":2},"minecraft:mined":{"minecraft:white_bed":1,"gamma_beasts:thin_acacia_log":2,"croptopia:grape_crop":1,"minecraft:granite":16,"minecraft:acacia_log":9,"minecraft:grass_block":2,"minecraft:coal_block":3,"minecraft:spawner":4,"gamma_beasts:almandine":9,"minecraft:cobbled_deepslate":2,"minecraft:fire":11,"minecraft:iron_ore":3,"minecraft:anvil":2,"minecraft:deepslate_lapis_ore":4,"minecraft:enchanting_table":1,"minecraft:sculk_shrieker":6,"vct:acacia_crafting_table":10,"minecraft:player_head":1,"minecraft:spruce_slab":1,"minecraft:netherite_block":4,"minecraft:blackstone":1,"minecraft:melon_stem":3,"born_in_chaos_v1:infected_deepslate_diamond_ore":2,"minecraft:torch":14,"minecraft:melon":1,"minecraft:cobblestone":6,"minecraft:sugar_cane":1,"minecraft:oak_planks":4,"minecraft:damaged_anvil":1,"minecraft:wall_torch":8,"croptopia:cauliflower_crop":1,"minecraft:birch_log":4,"minecraft:wheat":37,"minecraft:lime_concrete":1,"sculkhorde:sculk_summoner":1,"minecraft:grass":62,"minecraft:oak_log":7,"minecraft:sand":1,"minecraft:dirt":1,"minecraft:ancient_debris":29,"gamma_beasts:red_maple_log":8,"minecraft:netherrack":280,"minecraft:oak_leaves":3,"minecraft:deepslate":126,"minecraft:nether_gold_ore":5,"minecraft:diamond_ore":3,"minecraft:crying_obsidian":3,"minecraft:yellow_wall_banner":1,"minecraft:deepslate_diamond_ore":56,"minecraft:shulker_box":12,"gravestone:gravestone":9,"minecraft:nether_bricks":1,"minecraft:ladder":1,"minecraft:dark_oak_fence":3,"born_in_chaos_v1:black_argillite":1,"minecraft:mangrove_trapdoor":1,"minecraft:hay_block":75,"minecraft:furnace":1,"gamma_beasts:prehnite_ore":1,"minecraft:andesite":25,"minecraft:gold_block":1,"minecraft:bookshelf":17,"minecraft:deepslate_iron_ore":5,"minecraft:stone":204,"minecraft:crafting_table":7,"minecraft:copper_ore":3,"minecraft:tall_grass":4,"minecraft:sculk":3,"minecraft:diorite":3,"minecraft:coal_ore":3,"minecraft:gravel":13,"minecraft:acacia_planks":10},"minecraft:picked_up":{"minecraft:iron_chestplate":1,"minecraft:wheat":12,"minecraft:anvil":2,"croptopia:grape_seed":1,"gamma_beasts:fur":9,"croptopia:broccoli":2,"minecraft:stone_brick_stairs":1,"minecraft:string":2,"minecraft:iron_leggings":3,"minecraft:armor_stand":1,"minecraft:gold_nugget":19,"minecraft:cobbled_deepslate":92,"minecraft:deepslate_tile_wall":2,"minecraft:melon_slice":5,"minecraft:coal_block":4,"minecraft:furnace":1,"minecraft:stick":7,"born_in_chaos_v1:shattered_skull":1,"croptopia:barley_seed":3,"minecraft:torch":18,"minecraft:acacia_log":8,"born_in_chaos_v1:pileof_dark_metal":1,"minecraft:porkchop":18,"minecraft:yellow_banner":1,"minecraft:orange_bed":1,"minecraft:rotten_flesh":37,"minecraft:iron_bars":1,"minecraft:cobblestone":208,"croptopia:cauliflower":1,"minecraft:birch_log":4,"minecraft:enchanting_table":1,"gamma_beasts:almandine_cobblestone":9,"minecraft:leather_chestplate":3,"minecraft:feather":2,"minecraft:andesite":5,"minecraft:jungle_log":2,"gamma_beasts:prehnite":19,"minecraft:potato":1,"croptopia:spinach":1,"minecraft:flint":1,"minecraft:lapis_lazuli":15,"minecraft:dirt":19,"minecraft:bone":31,"minecraft:acacia_planks":23,"croptopia:sweetpotato":1,"minecraft:wheat_seeds":54,"minecraft:birch_wood":3,"minecraft:oak_planks":6,"croptopia:lime":2,"croptopia:melon_juice":6,"minecraft:sand":1,"minecraft:dark_oak_log":1,"croptopia:spinach_seed":4,"minecraft:shulker_box":12,"minecraft:netherite_block":4,"gravestone:gravestone":1,"minecraft:diamond":65,"minecraft:deepslate_gold_ore":64,"sculkhorde:sculk_sweeper_sword":1,"minecraft:emerald":1,"minecraft:bone_meal":2,"minecraft:golden_apple":17,"minecraft:bread":8,"minecraft:oak_sapling":2,"born_in_chaos_v1:rotten_fish":2,"minecraft:netherrack":609,"minecraft:dark_oak_fence":3,"minecraft:crafting_table":6,"born_in_chaos_v1:river_mint":1,"born_in_chaos_v1:seedof_chaos":1,"minecraft:wooden_pickaxe":2,"minecraft:gold_block":1,"minecraft:chain":1,"gravestone:obituary":5,"born_in_chaos_v1:intoxicating_decoction":2,"minecraft:item_frame":2,"minecraft:blackstone":12,"moonsweaponry:diamond_greatsword":1,"minecraft:beef":3,"gamma_beasts:red_maple_log":8,"minecraft:player_head":1,"minecraft:sugar_cane":6,"minecraft:birch_sapling":3,"minecraft:egg":2,"minecraft:raw_iron":8,"vct:acacia_crafting_table":9,"minecraft:cake":1,"born_in_chaos_v1:pieceofdarkmetal":6,"minecraft:mangrove_trapdoor":3,"croptopia:grape":1,"minecraft:arrow":19,"minecraft:hay_block":75,"minecraft:cracked_deepslate_bricks":2,"born_in_chaos_v1:spiny_shell":2,"minecraft:mutton":3,"minecraft:white_wool":3,"born_in_chaos_v1:corpse_maggot":3,"immersive_armors:bone_leggings":1,"minecraft:leather":3,"gamma_beasts:bird_thigh":3,"minecraft:oak_log":9,"minecraft:ancient_debris":28,"croptopia:taco":19,"immersive_aircraft:gyrodyne":2,"minecraft:cooked_mutton":35,"gamma_beasts:prehnite_armor_helmet":2,"croptopia:barley":4,"minecraft:apple":1,"minecraft:stone_bricks":1,"gamma_beasts:book":3,"minecraft:iron_ingot":2,"minecraft:glass_bottle":1,"minecraft:acacia_sapling":1,"minecraft:book":42,"croptopia:cauliflower_seed":2,"born_in_chaos_v1:death_totem":1,"minecraft:sculk":1,"born_in_chaos_v1:ethereal_spirit":2,"minecraft:quartz":8,"minecraft:gravel":46,"gamma_beasts:thin_acacia_log":2,"minecraft:amethyst_shard":4,"minecraft:white_bed":1,"minecraft:gold_ore":128,"minecraft:spider_eye":3,"moonsweaponry:diamond_halberd":1,"croptopia:oat_seed":1,"minecraft:iron_helmet":1,"minecraft:acacia_slab":1,"minecraft:damaged_anvil":1,"minecraft:melon_seeds":1,"minecraft:coal":3},"minecraft:used":{"moonsweaponry:diamond_greatsword":110,"minecraft:diamond_hoe":9,"minecraft:iron_sword":226,"minecraft:rotten_flesh":3,"minecraft:iron_chestplate":1,"minecraft:mutton":2,"croptopia:taco":17,"gamma_beasts:prehnite_pickaxe":181,"minecraft:obsidian":3,"minecraft:stone_bricks":1,"minecraft:hay_block":3,"minecraft:egg":1,"minecraft:oak_planks":4,"minecraft:wooden_pickaxe":9,"minecraft:diamond_axe":31,"minecraft:white_wool":3,"minecraft:golden_apple":4,"minecraft:sand":1,"minecraft:mushroom_stew":3,"minecraft:bread":152,"vct:jungle_crafting_table":1,"croptopia:spinach":1,"minecraft:gravel":6,"gamma_beasts:bird_thigh":1,"minecraft:diamond_sword":23,"minecraft:fire_charge":1,"minecraft:wooden_sword":103,"minecraft:dark_oak_fence":3,"immersive_aircraft:gyrodyne":1,"minecraft:netherrack":228,"minecraft:torch":48,"minecraft:dirt":19,"minecraft:shulker_box":12,"croptopia:melon_juice":8,"minecraft:wooden_axe":11,"minecraft:iron_axe":58,"minecraft:cobbled_deepslate":58,"minecraft:acacia_planks":24,"gravestone:gravestone":1,"croptopia:grape":1,"minecraft:cooked_mutton":14,"minecraft:acacia_boat":1,"minecraft:water_bucket":48,"vct:acacia_crafting_table":12,"moonsweaponry:diamond_mace":56,"minecraft:crafting_table":7,"minecraft:cake":2,"minecraft:diamond_pickaxe":668,"minecraft:wooden_hoe":61,"croptopia:cauliflower":1,"minecraft:cobblestone":82,"sculkhorde:sculk_sweeper_sword":25,"minecraft:porkchop":5,"minecraft:bucket":49,"minecraft:pumpkin_pie":8},"minecraft:custom":{"minecraft:interact_with_crafting_table":53,"minecraft:open_barrel":13,"minecraft:open_shulker_box":12,"minecraft:eat_cake_slice":11,"minecraft:leave_game":7,"minecraft:time_since_death":1371,"minecraft:sprint_one_cm":1181016,"minecraft:drop":216,"minecraft:play_time":268987,"minecraft:deaths":9,"minecraft:jump":5026,"minecraft:interact_with_brewingstand":1,"minecraft:walk_on_water_one_cm":30855,"minecraft:sleep_in_bed":1,"minecraft:waystone_activated":1,"minecraft:damage_dealt":24530,"minecraft:player_kills":1,"minecraft:crouch_one_cm":92028,"minecraft:interact_with_smoker":2,"minecraft:interact_with_smithing_table":2,"minecraft:mob_kills":86,"minecraft:damage_dealt_resisted":512,"minecraft:climb_one_cm":18112,"minecraft:walk_one_cm":570329,"minecraft:sneak_time":28201,"minecraft:walk_under_water_one_cm":28049,"minecraft:boat_one_cm":24435,"minecraft:interact_with_lectern":1,"minecraft:total_world_time":268987,"minecraft:tune_noteblock":1,"minecraft:time_since_rest":1408,"minecraft:damage_taken":13628,"minecraft:damage_absorbed":160,"minecraft:swim_one_cm":140542,"minecraft:fly_one_cm":937540,"minecraft:open_chest":20,"minecraft:fall_one_cm":141074}},"DataVersion":3465}